label,Image
0,E:\MedicalData\TNSCUI2020\TNSCUI2020_train\image/5156.PNG
0,E:\MedicalData\TNSCUI2020\TNSCUI2020_train\image/6958.PNG
0,E:\MedicalData\TNSCUI2020\TNSCUI2020_train\image/5738.PNG
0,E:\MedicalData\TNSCUI2020\TNSCUI2020_train\image/6592.PNG
1,E:\MedicalData\TNSCUI2020\TNSCUI2020_train\image/8801.PNG
0,E:\MedicalData\TNSCUI2020\TNSCUI2020_train\image/6380.PNG
1,E:\MedicalData\TNSCUI2020\TNSCUI2020_train\image/3549.PNG
0,E:\MedicalData\TNSCUI2020\TNSCUI2020_train\image/1054.PNG
1,E:\MedicalData\TNSCUI2020\TNSCUI2020_train\image/9748.PNG
0,E:\MedicalData\TNSCUI2020\TNSCUI2020_train\image/1423.PNG
1,E:\MedicalData\TNSCUI2020\TNSCUI2020_train\image/8771.PNG
0,E:\MedicalData\TNSCUI2020\TNSCUI2020_train\image/1651.PNG
1,E:\MedicalData\TNSCUI2020\TNSCUI2020_train\image/4121.PNG
0,E:\MedicalData\TNSCUI2020\TNSCUI2020_train\image/1591.PNG
1,E:\MedicalData\TNSCUI2020\TNSCUI2020_train\image/7951.PNG
0,E:\MedicalData\TNSCUI2020\TNSCUI2020_train\image/587.PNG
0,E:\MedicalData\TNSCUI2020\TNSCUI2020_train\image/1150.PNG
0,E:\MedicalData\TNSCUI2020\TNSCUI2020_train\image/1863.PNG
1,E:\MedicalData\TNSCUI2020\TNSCUI2020_train\image/2156.PNG
0,E:\MedicalData\TNSCUI2020\TNSCUI2020_train\image/790.PNG
0,E:\MedicalData\TNSCUI2020\TNSCUI2020_train\image/6898.PNG
0,E:\MedicalData\TNSCUI2020\TNSCUI2020_train\image/372.PNG
1,E:\MedicalData\TNSCUI2020\TNSCUI2020_train\image/8256.PNG
1,E:\MedicalData\TNSCUI2020\TNSCUI2020_train\image/2534.PNG
1,E:\MedicalData\TNSCUI2020\TNSCUI2020_train\image/2660.PNG
0,E:\MedicalData\TNSCUI2020\TNSCUI2020_train\image/934.PNG
1,E:\MedicalData\TNSCUI2020\TNSCUI2020_train\image/7984.PNG
0,E:\MedicalData\TNSCUI2020\TNSCUI2020_train\image/6973.PNG
1,E:\MedicalData\TNSCUI2020\TNSCUI2020_train\image/2471.PNG
1,E:\MedicalData\TNSCUI2020\TNSCUI2020_train\image/4049.PNG
1,E:\MedicalData\TNSCUI2020\TNSCUI2020_train\image/4440.PNG
1,E:\MedicalData\TNSCUI2020\TNSCUI2020_train\image/8118.PNG
1,E:\MedicalData\TNSCUI2020\TNSCUI2020_train\image/4610.PNG
0,E:\MedicalData\TNSCUI2020\TNSCUI2020_train\image/1345.PNG
0,E:\MedicalData\TNSCUI2020\TNSCUI2020_train\image/705.PNG
0,E:\MedicalData\TNSCUI2020\TNSCUI2020_train\image/6822.PNG
1,E:\MedicalData\TNSCUI2020\TNSCUI2020_train\image/4009.PNG
1,E:\MedicalData\TNSCUI2020\TNSCUI2020_train\image/9424.PNG
1,E:\MedicalData\TNSCUI2020\TNSCUI2020_train\image/2467.PNG
0,E:\MedicalData\TNSCUI2020\TNSCUI2020_train\image/605.PNG
0,E:\MedicalData\TNSCUI2020\TNSCUI2020_train\image/96.PNG
1,E:\MedicalData\TNSCUI2020\TNSCUI2020_train\image/8508.PNG
0,E:\MedicalData\TNSCUI2020\TNSCUI2020_train\image/5815.PNG
1,E:\MedicalData\TNSCUI2020\TNSCUI2020_train\image/7760.PNG
0,E:\MedicalData\TNSCUI2020\TNSCUI2020_train\image/1212.PNG
0,E:\MedicalData\TNSCUI2020\TNSCUI2020_train\image/51.PNG
0,E:\MedicalData\TNSCUI2020\TNSCUI2020_train\image/7067.PNG
1,E:\MedicalData\TNSCUI2020\TNSCUI2020_train\image/9114.PNG
1,E:\MedicalData\TNSCUI2020\TNSCUI2020_train\image/7776.PNG
0,E:\MedicalData\TNSCUI2020\TNSCUI2020_train\image/6357.PNG
1,E:\MedicalData\TNSCUI2020\TNSCUI2020_train\image/4155.PNG
1,E:\MedicalData\TNSCUI2020\TNSCUI2020_train\image/2208.PNG
1,E:\MedicalData\TNSCUI2020\TNSCUI2020_train\image/3195.PNG
1,E:\MedicalData\TNSCUI2020\TNSCUI2020_train\image/2434.PNG
1,E:\MedicalData\TNSCUI2020\TNSCUI2020_train\image/3414.PNG
1,E:\MedicalData\TNSCUI2020\TNSCUI2020_train\image/9202.PNG
1,E:\MedicalData\TNSCUI2020\TNSCUI2020_train\image/3625.PNG
0,E:\MedicalData\TNSCUI2020\TNSCUI2020_train\image/6786.PNG
0,E:\MedicalData\TNSCUI2020\TNSCUI2020_train\image/1809.PNG
1,E:\MedicalData\TNSCUI2020\TNSCUI2020_train\image/4586.PNG
1,E:\MedicalData\TNSCUI2020\TNSCUI2020_train\image/2213.PNG
0,E:\MedicalData\TNSCUI2020\TNSCUI2020_train\image/1671.PNG
0,E:\MedicalData\TNSCUI2020\TNSCUI2020_train\image/1181.PNG
0,E:\MedicalData\TNSCUI2020\TNSCUI2020_train\image/5940.PNG
1,E:\MedicalData\TNSCUI2020\TNSCUI2020_train\image/4714.PNG
1,E:\MedicalData\TNSCUI2020\TNSCUI2020_train\image/2977.PNG
0,E:\MedicalData\TNSCUI2020\TNSCUI2020_train\image/1052.PNG
0,E:\MedicalData\TNSCUI2020\TNSCUI2020_train\image/5147.PNG
1,E:\MedicalData\TNSCUI2020\TNSCUI2020_train\image/4741.PNG
0,E:\MedicalData\TNSCUI2020\TNSCUI2020_train\image/6324.PNG
0,E:\MedicalData\TNSCUI2020\TNSCUI2020_train\image/5759.PNG
0,E:\MedicalData\TNSCUI2020\TNSCUI2020_train\image/5967.PNG
1,E:\MedicalData\TNSCUI2020\TNSCUI2020_train\image/4544.PNG
0,E:\MedicalData\TNSCUI2020\TNSCUI2020_train\image/6474.PNG
0,E:\MedicalData\TNSCUI2020\TNSCUI2020_train\image/563.PNG
1,E:\MedicalData\TNSCUI2020\TNSCUI2020_train\image/7672.PNG
1,E:\MedicalData\TNSCUI2020\TNSCUI2020_train\image/4033.PNG
0,E:\MedicalData\TNSCUI2020\TNSCUI2020_train\image/5037.PNG
0,E:\MedicalData\TNSCUI2020\TNSCUI2020_train\image/6063.PNG
0,E:\MedicalData\TNSCUI2020\TNSCUI2020_train\image/24.PNG
1,E:\MedicalData\TNSCUI2020\TNSCUI2020_train\image/4542.PNG
1,E:\MedicalData\TNSCUI2020\TNSCUI2020_train\image/8142.PNG
1,E:\MedicalData\TNSCUI2020\TNSCUI2020_train\image/9452.PNG
1,E:\MedicalData\TNSCUI2020\TNSCUI2020_train\image/4606.PNG
1,E:\MedicalData\TNSCUI2020\TNSCUI2020_train\image/8669.PNG
1,E:\MedicalData\TNSCUI2020\TNSCUI2020_train\image/3471.PNG
0,E:\MedicalData\TNSCUI2020\TNSCUI2020_train\image/862.PNG
1,E:\MedicalData\TNSCUI2020\TNSCUI2020_train\image/7604.PNG
1,E:\MedicalData\TNSCUI2020\TNSCUI2020_train\image/2704.PNG
1,E:\MedicalData\TNSCUI2020\TNSCUI2020_train\image/9268.PNG
1,E:\MedicalData\TNSCUI2020\TNSCUI2020_train\image/2952.PNG
0,E:\MedicalData\TNSCUI2020\TNSCUI2020_train\image/5320.PNG
0,E:\MedicalData\TNSCUI2020\TNSCUI2020_train\image/7184.PNG
1,E:\MedicalData\TNSCUI2020\TNSCUI2020_train\image/8038.PNG
1,E:\MedicalData\TNSCUI2020\TNSCUI2020_train\image/8430.PNG
0,E:\MedicalData\TNSCUI2020\TNSCUI2020_train\image/5145.PNG
1,E:\MedicalData\TNSCUI2020\TNSCUI2020_train\image/8227.PNG
0,E:\MedicalData\TNSCUI2020\TNSCUI2020_train\image/38.PNG
1,E:\MedicalData\TNSCUI2020\TNSCUI2020_train\image/8323.PNG
1,E:\MedicalData\TNSCUI2020\TNSCUI2020_train\image/9436.PNG
0,E:\MedicalData\TNSCUI2020\TNSCUI2020_train\image/7060.PNG
1,E:\MedicalData\TNSCUI2020\TNSCUI2020_train\image/3638.PNG
0,E:\MedicalData\TNSCUI2020\TNSCUI2020_train\image/5247.PNG
0,E:\MedicalData\TNSCUI2020\TNSCUI2020_train\image/1152.PNG
1,E:\MedicalData\TNSCUI2020\TNSCUI2020_train\image/3733.PNG
1,E:\MedicalData\TNSCUI2020\TNSCUI2020_train\image/8813.PNG
0,E:\MedicalData\TNSCUI2020\TNSCUI2020_train\image/7079.PNG
1,E:\MedicalData\TNSCUI2020\TNSCUI2020_train\image/2756.PNG
1,E:\MedicalData\TNSCUI2020\TNSCUI2020_train\image/8757.PNG
1,E:\MedicalData\TNSCUI2020\TNSCUI2020_train\image/2640.PNG
1,E:\MedicalData\TNSCUI2020\TNSCUI2020_train\image/8136.PNG
0,E:\MedicalData\TNSCUI2020\TNSCUI2020_train\image/1224.PNG
1,E:\MedicalData\TNSCUI2020\TNSCUI2020_train\image/9248.PNG
1,E:\MedicalData\TNSCUI2020\TNSCUI2020_train\image/9402.PNG
0,E:\MedicalData\TNSCUI2020\TNSCUI2020_train\image/682.PNG
1,E:\MedicalData\TNSCUI2020\TNSCUI2020_train\image/8194.PNG
1,E:\MedicalData\TNSCUI2020\TNSCUI2020_train\image/9566.PNG
1,E:\MedicalData\TNSCUI2020\TNSCUI2020_train\image/8657.PNG
0,E:\MedicalData\TNSCUI2020\TNSCUI2020_train\image/5314.PNG
1,E:\MedicalData\TNSCUI2020\TNSCUI2020_train\image/4638.PNG
0,E:\MedicalData\TNSCUI2020\TNSCUI2020_train\image/7173.PNG
0,E:\MedicalData\TNSCUI2020\TNSCUI2020_train\image/951.PNG
1,E:\MedicalData\TNSCUI2020\TNSCUI2020_train\image/3412.PNG
1,E:\MedicalData\TNSCUI2020\TNSCUI2020_train\image/4203.PNG
1,E:\MedicalData\TNSCUI2020\TNSCUI2020_train\image/3477.PNG
0,E:\MedicalData\TNSCUI2020\TNSCUI2020_train\image/1841.PNG
0,E:\MedicalData\TNSCUI2020\TNSCUI2020_train\image/1068.PNG
0,E:\MedicalData\TNSCUI2020\TNSCUI2020_train\image/835.PNG
1,E:\MedicalData\TNSCUI2020\TNSCUI2020_train\image/8840.PNG
1,E:\MedicalData\TNSCUI2020\TNSCUI2020_train\image/8271.PNG
0,E:\MedicalData\TNSCUI2020\TNSCUI2020_train\image/1479.PNG
0,E:\MedicalData\TNSCUI2020\TNSCUI2020_train\image/1532.PNG
0,E:\MedicalData\TNSCUI2020\TNSCUI2020_train\image/5578.PNG
0,E:\MedicalData\TNSCUI2020\TNSCUI2020_train\image/6945.PNG
0,E:\MedicalData\TNSCUI2020\TNSCUI2020_train\image/356.PNG
0,E:\MedicalData\TNSCUI2020\TNSCUI2020_train\image/561.PNG
0,E:\MedicalData\TNSCUI2020\TNSCUI2020_train\image/63.PNG
1,E:\MedicalData\TNSCUI2020\TNSCUI2020_train\image/9735.PNG
1,E:\MedicalData\TNSCUI2020\TNSCUI2020_train\image/4335.PNG
1,E:\MedicalData\TNSCUI2020\TNSCUI2020_train\image/4600.PNG
1,E:\MedicalData\TNSCUI2020\TNSCUI2020_train\image/4363.PNG
0,E:\MedicalData\TNSCUI2020\TNSCUI2020_train\image/1026.PNG
1,E:\MedicalData\TNSCUI2020\TNSCUI2020_train\image/4558.PNG
1,E:\MedicalData\TNSCUI2020\TNSCUI2020_train\image/9446.PNG
1,E:\MedicalData\TNSCUI2020\TNSCUI2020_train\image/8282.PNG
0,E:\MedicalData\TNSCUI2020\TNSCUI2020_train\image/1528.PNG
0,E:\MedicalData\TNSCUI2020\TNSCUI2020_train\image/6952.PNG
1,E:\MedicalData\TNSCUI2020\TNSCUI2020_train\image/2579.PNG
0,E:\MedicalData\TNSCUI2020\TNSCUI2020_train\image/787.PNG
1,E:\MedicalData\TNSCUI2020\TNSCUI2020_train\image/3545.PNG
1,E:\MedicalData\TNSCUI2020\TNSCUI2020_train\image/3860.PNG
0,E:\MedicalData\TNSCUI2020\TNSCUI2020_train\image/5958.PNG
1,E:\MedicalData\TNSCUI2020\TNSCUI2020_train\image/9564.PNG
1,E:\MedicalData\TNSCUI2020\TNSCUI2020_train\image/4438.PNG
1,E:\MedicalData\TNSCUI2020\TNSCUI2020_train\image/7567.PNG
0,E:\MedicalData\TNSCUI2020\TNSCUI2020_train\image/1398.PNG
0,E:\MedicalData\TNSCUI2020\TNSCUI2020_train\image/5374.PNG
0,E:\MedicalData\TNSCUI2020\TNSCUI2020_train\image/7235.PNG
0,E:\MedicalData\TNSCUI2020\TNSCUI2020_train\image/717.PNG
0,E:\MedicalData\TNSCUI2020\TNSCUI2020_train\image/5901.PNG
0,E:\MedicalData\TNSCUI2020\TNSCUI2020_train\image/283.PNG
0,E:\MedicalData\TNSCUI2020\TNSCUI2020_train\image/7206.PNG
0,E:\MedicalData\TNSCUI2020\TNSCUI2020_train\image/398.PNG
1,E:\MedicalData\TNSCUI2020\TNSCUI2020_train\image/3461.PNG
1,E:\MedicalData\TNSCUI2020\TNSCUI2020_train\image/3679.PNG
1,E:\MedicalData\TNSCUI2020\TNSCUI2020_train\image/9392.PNG
0,E:\MedicalData\TNSCUI2020\TNSCUI2020_train\image/5504.PNG
1,E:\MedicalData\TNSCUI2020\TNSCUI2020_train\image/3673.PNG
0,E:\MedicalData\TNSCUI2020\TNSCUI2020_train\image/6512.PNG
0,E:\MedicalData\TNSCUI2020\TNSCUI2020_train\image/7043.PNG
1,E:\MedicalData\TNSCUI2020\TNSCUI2020_train\image/8973.PNG
0,E:\MedicalData\TNSCUI2020\TNSCUI2020_train\image/655.PNG
1,E:\MedicalData\TNSCUI2020\TNSCUI2020_train\image/3978.PNG
1,E:\MedicalData\TNSCUI2020\TNSCUI2020_train\image/3671.PNG
0,E:\MedicalData\TNSCUI2020\TNSCUI2020_train\image/509.PNG
0,E:\MedicalData\TNSCUI2020\TNSCUI2020_train\image/762.PNG
1,E:\MedicalData\TNSCUI2020\TNSCUI2020_train\image/4077.PNG
0,E:\MedicalData\TNSCUI2020\TNSCUI2020_train\image/1056.PNG
0,E:\MedicalData\TNSCUI2020\TNSCUI2020_train\image/5924.PNG
1,E:\MedicalData\TNSCUI2020\TNSCUI2020_train\image/9542.PNG
1,E:\MedicalData\TNSCUI2020\TNSCUI2020_train\image/2324.PNG
1,E:\MedicalData\TNSCUI2020\TNSCUI2020_train\image/7959.PNG
1,E:\MedicalData\TNSCUI2020\TNSCUI2020_train\image/8632.PNG
0,E:\MedicalData\TNSCUI2020\TNSCUI2020_train\image/1577.PNG
1,E:\MedicalData\TNSCUI2020\TNSCUI2020_train\image/8088.PNG
0,E:\MedicalData\TNSCUI2020\TNSCUI2020_train\image/6617.PNG
0,E:\MedicalData\TNSCUI2020\TNSCUI2020_train\image/7209.PNG
1,E:\MedicalData\TNSCUI2020\TNSCUI2020_train\image/3376.PNG
0,E:\MedicalData\TNSCUI2020\TNSCUI2020_train\image/1082.PNG
1,E:\MedicalData\TNSCUI2020\TNSCUI2020_train\image/9126.PNG
0,E:\MedicalData\TNSCUI2020\TNSCUI2020_train\image/924.PNG
1,E:\MedicalData\TNSCUI2020\TNSCUI2020_train\image/3452.PNG
0,E:\MedicalData\TNSCUI2020\TNSCUI2020_train\image/5149.PNG
1,E:\MedicalData\TNSCUI2020\TNSCUI2020_train\image/4245.PNG
0,E:\MedicalData\TNSCUI2020\TNSCUI2020_train\image/1665.PNG
0,E:\MedicalData\TNSCUI2020\TNSCUI2020_train\image/5536.PNG
1,E:\MedicalData\TNSCUI2020\TNSCUI2020_train\image/4381.PNG
1,E:\MedicalData\TNSCUI2020\TNSCUI2020_train\image/8383.PNG
1,E:\MedicalData\TNSCUI2020\TNSCUI2020_train\image/8799.PNG
1,E:\MedicalData\TNSCUI2020\TNSCUI2020_train\image/3459.PNG
1,E:\MedicalData\TNSCUI2020\TNSCUI2020_train\image/7852.PNG
1,E:\MedicalData\TNSCUI2020\TNSCUI2020_train\image/2706.PNG
1,E:\MedicalData\TNSCUI2020\TNSCUI2020_train\image/9524.PNG
0,E:\MedicalData\TNSCUI2020\TNSCUI2020_train\image/1417.PNG
0,E:\MedicalData\TNSCUI2020\TNSCUI2020_train\image/1784.PNG
1,E:\MedicalData\TNSCUI2020\TNSCUI2020_train\image/3215.PNG
0,E:\MedicalData\TNSCUI2020\TNSCUI2020_train\image/12.PNG
1,E:\MedicalData\TNSCUI2020\TNSCUI2020_train\image/8412.PNG
1,E:\MedicalData\TNSCUI2020\TNSCUI2020_train\image/8817.PNG
0,E:\MedicalData\TNSCUI2020\TNSCUI2020_train\image/5591.PNG
1,E:\MedicalData\TNSCUI2020\TNSCUI2020_train\image/8361.PNG
0,E:\MedicalData\TNSCUI2020\TNSCUI2020_train\image/7338.PNG
0,E:\MedicalData\TNSCUI2020\TNSCUI2020_train\image/6760.PNG
1,E:\MedicalData\TNSCUI2020\TNSCUI2020_train\image/4674.PNG
0,E:\MedicalData\TNSCUI2020\TNSCUI2020_train\image/1382.PNG
0,E:\MedicalData\TNSCUI2020\TNSCUI2020_train\image/6657.PNG
0,E:\MedicalData\TNSCUI2020\TNSCUI2020_train\image/53.PNG
1,E:\MedicalData\TNSCUI2020\TNSCUI2020_train\image/3892.PNG
0,E:\MedicalData\TNSCUI2020\TNSCUI2020_train\image/1934.PNG
0,E:\MedicalData\TNSCUI2020\TNSCUI2020_train\image/1410.PNG
0,E:\MedicalData\TNSCUI2020\TNSCUI2020_train\image/6049.PNG
1,E:\MedicalData\TNSCUI2020\TNSCUI2020_train\image/4654.PNG
0,E:\MedicalData\TNSCUI2020\TNSCUI2020_train\image/5715.PNG
0,E:\MedicalData\TNSCUI2020\TNSCUI2020_train\image/6462.PNG
1,E:\MedicalData\TNSCUI2020\TNSCUI2020_train\image/7664.PNG
0,E:\MedicalData\TNSCUI2020\TNSCUI2020_train\image/6942.PNG
0,E:\MedicalData\TNSCUI2020\TNSCUI2020_train\image/5298.PNG
1,E:\MedicalData\TNSCUI2020\TNSCUI2020_train\image/7834.PNG
0,E:\MedicalData\TNSCUI2020\TNSCUI2020_train\image/7013.PNG
0,E:\MedicalData\TNSCUI2020\TNSCUI2020_train\image/298.PNG
0,E:\MedicalData\TNSCUI2020\TNSCUI2020_train\image/1413.PNG
1,E:\MedicalData\TNSCUI2020\TNSCUI2020_train\image/2100.PNG
0,E:\MedicalData\TNSCUI2020\TNSCUI2020_train\image/5475.PNG
1,E:\MedicalData\TNSCUI2020\TNSCUI2020_train\image/7680.PNG
1,E:\MedicalData\TNSCUI2020\TNSCUI2020_train\image/7824.PNG
0,E:\MedicalData\TNSCUI2020\TNSCUI2020_train\image/6409.PNG
1,E:\MedicalData\TNSCUI2020\TNSCUI2020_train\image/2373.PNG
1,E:\MedicalData\TNSCUI2020\TNSCUI2020_train\image/9731.PNG
1,E:\MedicalData\TNSCUI2020\TNSCUI2020_train\image/8106.PNG
0,E:\MedicalData\TNSCUI2020\TNSCUI2020_train\image/1309.PNG
1,E:\MedicalData\TNSCUI2020\TNSCUI2020_train\image/9506.PNG
1,E:\MedicalData\TNSCUI2020\TNSCUI2020_train\image/2426.PNG
0,E:\MedicalData\TNSCUI2020\TNSCUI2020_train\image/916.PNG
1,E:\MedicalData\TNSCUI2020\TNSCUI2020_train\image/9260.PNG
1,E:\MedicalData\TNSCUI2020\TNSCUI2020_train\image/2105.PNG
0,E:\MedicalData\TNSCUI2020\TNSCUI2020_train\image/5887.PNG
0,E:\MedicalData\TNSCUI2020\TNSCUI2020_train\image/4899.PNG
1,E:\MedicalData\TNSCUI2020\TNSCUI2020_train\image/3713.PNG
1,E:\MedicalData\TNSCUI2020\TNSCUI2020_train\image/9128.PNG
1,E:\MedicalData\TNSCUI2020\TNSCUI2020_train\image/4620.PNG
0,E:\MedicalData\TNSCUI2020\TNSCUI2020_train\image/892.PNG
0,E:\MedicalData\TNSCUI2020\TNSCUI2020_train\image/6456.PNG
0,E:\MedicalData\TNSCUI2020\TNSCUI2020_train\image/4876.PNG
0,E:\MedicalData\TNSCUI2020\TNSCUI2020_train\image/1778.PNG
1,E:\MedicalData\TNSCUI2020\TNSCUI2020_train\image/2764.PNG
1,E:\MedicalData\TNSCUI2020\TNSCUI2020_train\image/2796.PNG
1,E:\MedicalData\TNSCUI2020\TNSCUI2020_train\image/4137.PNG
1,E:\MedicalData\TNSCUI2020\TNSCUI2020_train\image/4602.PNG
1,E:\MedicalData\TNSCUI2020\TNSCUI2020_train\image/4091.PNG
0,E:\MedicalData\TNSCUI2020\TNSCUI2020_train\image/1885.PNG
1,E:\MedicalData\TNSCUI2020\TNSCUI2020_train\image/2513.PNG
1,E:\MedicalData\TNSCUI2020\TNSCUI2020_train\image/4165.PNG
1,E:\MedicalData\TNSCUI2020\TNSCUI2020_train\image/8162.PNG
0,E:\MedicalData\TNSCUI2020\TNSCUI2020_train\image/569.PNG
1,E:\MedicalData\TNSCUI2020\TNSCUI2020_train\image/2062.PNG
1,E:\MedicalData\TNSCUI2020\TNSCUI2020_train\image/2577.PNG
0,E:\MedicalData\TNSCUI2020\TNSCUI2020_train\image/5905.PNG
0,E:\MedicalData\TNSCUI2020\TNSCUI2020_train\image/5873.PNG
0,E:\MedicalData\TNSCUI2020\TNSCUI2020_train\image/5864.PNG
0,E:\MedicalData\TNSCUI2020\TNSCUI2020_train\image/1670.PNG
1,E:\MedicalData\TNSCUI2020\TNSCUI2020_train\image/3555.PNG
1,E:\MedicalData\TNSCUI2020\TNSCUI2020_train\image/9077.PNG
1,E:\MedicalData\TNSCUI2020\TNSCUI2020_train\image/9717.PNG
1,E:\MedicalData\TNSCUI2020\TNSCUI2020_train\image/7927.PNG
1,E:\MedicalData\TNSCUI2020\TNSCUI2020_train\image/2418.PNG
1,E:\MedicalData\TNSCUI2020\TNSCUI2020_train\image/9055.PNG
0,E:\MedicalData\TNSCUI2020\TNSCUI2020_train\image/557.PNG
1,E:\MedicalData\TNSCUI2020\TNSCUI2020_train\image/8418.PNG
1,E:\MedicalData\TNSCUI2020\TNSCUI2020_train\image/3856.PNG
1,E:\MedicalData\TNSCUI2020\TNSCUI2020_train\image/7883.PNG
1,E:\MedicalData\TNSCUI2020\TNSCUI2020_train\image/4271.PNG
0,E:\MedicalData\TNSCUI2020\TNSCUI2020_train\image/922.PNG
1,E:\MedicalData\TNSCUI2020\TNSCUI2020_train\image/3348.PNG
1,E:\MedicalData\TNSCUI2020\TNSCUI2020_train\image/3366.PNG
0,E:\MedicalData\TNSCUI2020\TNSCUI2020_train\image/5678.PNG
1,E:\MedicalData\TNSCUI2020\TNSCUI2020_train\image/3436.PNG
0,E:\MedicalData\TNSCUI2020\TNSCUI2020_train\image/1682.PNG
1,E:\MedicalData\TNSCUI2020\TNSCUI2020_train\image/3165.PNG
0,E:\MedicalData\TNSCUI2020\TNSCUI2020_train\image/1484.PNG
0,E:\MedicalData\TNSCUI2020\TNSCUI2020_train\image/5783.PNG
1,E:\MedicalData\TNSCUI2020\TNSCUI2020_train\image/2882.PNG
1,E:\MedicalData\TNSCUI2020\TNSCUI2020_train\image/3850.PNG
1,E:\MedicalData\TNSCUI2020\TNSCUI2020_train\image/3086.PNG
1,E:\MedicalData\TNSCUI2020\TNSCUI2020_train\image/3487.PNG
1,E:\MedicalData\TNSCUI2020\TNSCUI2020_train\image/9766.PNG
0,E:\MedicalData\TNSCUI2020\TNSCUI2020_train\image/5639.PNG
0,E:\MedicalData\TNSCUI2020\TNSCUI2020_train\image/5212.PNG
1,E:\MedicalData\TNSCUI2020\TNSCUI2020_train\image/3988.PNG
0,E:\MedicalData\TNSCUI2020\TNSCUI2020_train\image/7087.PNG
1,E:\MedicalData\TNSCUI2020\TNSCUI2020_train\image/9670.PNG
1,E:\MedicalData\TNSCUI2020\TNSCUI2020_train\image/9522.PNG
0,E:\MedicalData\TNSCUI2020\TNSCUI2020_train\image/6012.PNG
0,E:\MedicalData\TNSCUI2020\TNSCUI2020_train\image/1684.PNG
1,E:\MedicalData\TNSCUI2020\TNSCUI2020_train\image/4241.PNG
1,E:\MedicalData\TNSCUI2020\TNSCUI2020_train\image/3191.PNG
1,E:\MedicalData\TNSCUI2020\TNSCUI2020_train\image/3563.PNG
0,E:\MedicalData\TNSCUI2020\TNSCUI2020_train\image/7187.PNG
1,E:\MedicalData\TNSCUI2020\TNSCUI2020_train\image/8763.PNG
0,E:\MedicalData\TNSCUI2020\TNSCUI2020_train\image/5978.PNG
1,E:\MedicalData\TNSCUI2020\TNSCUI2020_train\image/8371.PNG
1,E:\MedicalData\TNSCUI2020\TNSCUI2020_train\image/4818.PNG
1,E:\MedicalData\TNSCUI2020\TNSCUI2020_train\image/3088.PNG
1,E:\MedicalData\TNSCUI2020\TNSCUI2020_train\image/8862.PNG
0,E:\MedicalData\TNSCUI2020\TNSCUI2020_train\image/6274.PNG
1,E:\MedicalData\TNSCUI2020\TNSCUI2020_train\image/7842.PNG
1,E:\MedicalData\TNSCUI2020\TNSCUI2020_train\image/2684.PNG
1,E:\MedicalData\TNSCUI2020\TNSCUI2020_train\image/4171.PNG
1,E:\MedicalData\TNSCUI2020\TNSCUI2020_train\image/2762.PNG
1,E:\MedicalData\TNSCUI2020\TNSCUI2020_train\image/8168.PNG
1,E:\MedicalData\TNSCUI2020\TNSCUI2020_train\image/4598.PNG
1,E:\MedicalData\TNSCUI2020\TNSCUI2020_train\image/3810.PNG
1,E:\MedicalData\TNSCUI2020\TNSCUI2020_train\image/2459.PNG
0,E:\MedicalData\TNSCUI2020\TNSCUI2020_train\image/1942.PNG
0,E:\MedicalData\TNSCUI2020\TNSCUI2020_train\image/956.PNG
0,E:\MedicalData\TNSCUI2020\TNSCUI2020_train\image/6149.PNG
1,E:\MedicalData\TNSCUI2020\TNSCUI2020_train\image/2993.PNG
1,E:\MedicalData\TNSCUI2020\TNSCUI2020_train\image/2987.PNG
0,E:\MedicalData\TNSCUI2020\TNSCUI2020_train\image/1031.PNG
0,E:\MedicalData\TNSCUI2020\TNSCUI2020_train\image/7111.PNG
1,E:\MedicalData\TNSCUI2020\TNSCUI2020_train\image/7994.PNG
1,E:\MedicalData\TNSCUI2020\TNSCUI2020_train\image/2687.PNG
0,E:\MedicalData\TNSCUI2020\TNSCUI2020_train\image/7174.PNG
1,E:\MedicalData\TNSCUI2020\TNSCUI2020_train\image/4141.PNG
0,E:\MedicalData\TNSCUI2020\TNSCUI2020_train\image/6057.PNG
0,E:\MedicalData\TNSCUI2020\TNSCUI2020_train\image/1508.PNG
1,E:\MedicalData\TNSCUI2020\TNSCUI2020_train\image/8903.PNG
0,E:\MedicalData\TNSCUI2020\TNSCUI2020_train\image/5288.PNG
0,E:\MedicalData\TNSCUI2020\TNSCUI2020_train\image/6758.PNG
1,E:\MedicalData\TNSCUI2020\TNSCUI2020_train\image/3169.PNG
1,E:\MedicalData\TNSCUI2020\TNSCUI2020_train\image/8846.PNG
1,E:\MedicalData\TNSCUI2020\TNSCUI2020_train\image/3078.PNG
1,E:\MedicalData\TNSCUI2020\TNSCUI2020_train\image/2260.PNG
0,E:\MedicalData\TNSCUI2020\TNSCUI2020_train\image/435.PNG
0,E:\MedicalData\TNSCUI2020\TNSCUI2020_train\image/5658.PNG
1,E:\MedicalData\TNSCUI2020\TNSCUI2020_train\image/7784.PNG
0,E:\MedicalData\TNSCUI2020\TNSCUI2020_train\image/1819.PNG
1,E:\MedicalData\TNSCUI2020\TNSCUI2020_train\image/7955.PNG
1,E:\MedicalData\TNSCUI2020\TNSCUI2020_train\image/3710.PNG
0,E:\MedicalData\TNSCUI2020\TNSCUI2020_train\image/6256.PNG
1,E:\MedicalData\TNSCUI2020\TNSCUI2020_train\image/3623.PNG
0,E:\MedicalData\TNSCUI2020\TNSCUI2020_train\image/5346.PNG
0,E:\MedicalData\TNSCUI2020\TNSCUI2020_train\image/1457.PNG
0,E:\MedicalData\TNSCUI2020\TNSCUI2020_train\image/6117.PNG
1,E:\MedicalData\TNSCUI2020\TNSCUI2020_train\image/2746.PNG
0,E:\MedicalData\TNSCUI2020\TNSCUI2020_train\image/5686.PNG
0,E:\MedicalData\TNSCUI2020\TNSCUI2020_train\image/6499.PNG
1,E:\MedicalData\TNSCUI2020\TNSCUI2020_train\image/8426.PNG
0,E:\MedicalData\TNSCUI2020\TNSCUI2020_train\image/1445.PNG
0,E:\MedicalData\TNSCUI2020\TNSCUI2020_train\image/6560.PNG
0,E:\MedicalData\TNSCUI2020\TNSCUI2020_train\image/5643.PNG
0,E:\MedicalData\TNSCUI2020\TNSCUI2020_train\image/1354.PNG
0,E:\MedicalData\TNSCUI2020\TNSCUI2020_train\image/1432.PNG
1,E:\MedicalData\TNSCUI2020\TNSCUI2020_train\image/2343.PNG
1,E:\MedicalData\TNSCUI2020\TNSCUI2020_train\image/2954.PNG
0,E:\MedicalData\TNSCUI2020\TNSCUI2020_train\image/7319.PNG
1,E:\MedicalData\TNSCUI2020\TNSCUI2020_train\image/4664.PNG
1,E:\MedicalData\TNSCUI2020\TNSCUI2020_train\image/7619.PNG
0,E:\MedicalData\TNSCUI2020\TNSCUI2020_train\image/1142.PNG
1,E:\MedicalData\TNSCUI2020\TNSCUI2020_train\image/8645.PNG
1,E:\MedicalData\TNSCUI2020\TNSCUI2020_train\image/4816.PNG
1,E:\MedicalData\TNSCUI2020\TNSCUI2020_train\image/4608.PNG
0,E:\MedicalData\TNSCUI2020\TNSCUI2020_train\image/5875.PNG
1,E:\MedicalData\TNSCUI2020\TNSCUI2020_train\image/2422.PNG
0,E:\MedicalData\TNSCUI2020\TNSCUI2020_train\image/998.PNG
1,E:\MedicalData\TNSCUI2020\TNSCUI2020_train\image/8598.PNG
0,E:\MedicalData\TNSCUI2020\TNSCUI2020_train\image/5478.PNG
0,E:\MedicalData\TNSCUI2020\TNSCUI2020_train\image/5218.PNG
0,E:\MedicalData\TNSCUI2020\TNSCUI2020_train\image/6079.PNG
1,E:\MedicalData\TNSCUI2020\TNSCUI2020_train\image/1996.PNG
1,E:\MedicalData\TNSCUI2020\TNSCUI2020_train\image/2960.PNG
1,E:\MedicalData\TNSCUI2020\TNSCUI2020_train\image/4444.PNG
0,E:\MedicalData\TNSCUI2020\TNSCUI2020_train\image/5484.PNG
1,E:\MedicalData\TNSCUI2020\TNSCUI2020_train\image/8030.PNG
0,E:\MedicalData\TNSCUI2020\TNSCUI2020_train\image/7276.PNG
0,E:\MedicalData\TNSCUI2020\TNSCUI2020_train\image/1617.PNG
1,E:\MedicalData\TNSCUI2020\TNSCUI2020_train\image/3578.PNG
0,E:\MedicalData\TNSCUI2020\TNSCUI2020_train\image/5302.PNG
0,E:\MedicalData\TNSCUI2020\TNSCUI2020_train\image/6306.PNG
1,E:\MedicalData\TNSCUI2020\TNSCUI2020_train\image/3465.PNG
1,E:\MedicalData\TNSCUI2020\TNSCUI2020_train\image/7750.PNG
1,E:\MedicalData\TNSCUI2020\TNSCUI2020_train\image/3406.PNG
1,E:\MedicalData\TNSCUI2020\TNSCUI2020_train\image/9404.PNG
0,E:\MedicalData\TNSCUI2020\TNSCUI2020_train\image/207.PNG
1,E:\MedicalData\TNSCUI2020\TNSCUI2020_train\image/3621.PNG
1,E:\MedicalData\TNSCUI2020\TNSCUI2020_train\image/2601.PNG
0,E:\MedicalData\TNSCUI2020\TNSCUI2020_train\image/5860.PNG
0,E:\MedicalData\TNSCUI2020\TNSCUI2020_train\image/1762.PNG
1,E:\MedicalData\TNSCUI2020\TNSCUI2020_train\image/2495.PNG
1,E:\MedicalData\TNSCUI2020\TNSCUI2020_train\image/4313.PNG
0,E:\MedicalData\TNSCUI2020\TNSCUI2020_train\image/6517.PNG
1,E:\MedicalData\TNSCUI2020\TNSCUI2020_train\image/4101.PNG
1,E:\MedicalData\TNSCUI2020\TNSCUI2020_train\image/4591.PNG
1,E:\MedicalData\TNSCUI2020\TNSCUI2020_train\image/7921.PNG
0,E:\MedicalData\TNSCUI2020\TNSCUI2020_train\image/5492.PNG
0,E:\MedicalData\TNSCUI2020\TNSCUI2020_train\image/781.PNG
0,E:\MedicalData\TNSCUI2020\TNSCUI2020_train\image/6643.PNG
0,E:\MedicalData\TNSCUI2020\TNSCUI2020_train\image/986.PNG
0,E:\MedicalData\TNSCUI2020\TNSCUI2020_train\image/4884.PNG
1,E:\MedicalData\TNSCUI2020\TNSCUI2020_train\image/4323.PNG
1,E:\MedicalData\TNSCUI2020\TNSCUI2020_train\image/2623.PNG
0,E:\MedicalData\TNSCUI2020\TNSCUI2020_train\image/1125.PNG
0,E:\MedicalData\TNSCUI2020\TNSCUI2020_train\image/6628.PNG
0,E:\MedicalData\TNSCUI2020\TNSCUI2020_train\image/1790.PNG
1,E:\MedicalData\TNSCUI2020\TNSCUI2020_train\image/4824.PNG
0,E:\MedicalData\TNSCUI2020\TNSCUI2020_train\image/7216.PNG
1,E:\MedicalData\TNSCUI2020\TNSCUI2020_train\image/3531.PNG
1,E:\MedicalData\TNSCUI2020\TNSCUI2020_train\image/8534.PNG
0,E:\MedicalData\TNSCUI2020\TNSCUI2020_train\image/5454.PNG
1,E:\MedicalData\TNSCUI2020\TNSCUI2020_train\image/4692.PNG
0,E:\MedicalData\TNSCUI2020\TNSCUI2020_train\image/545.PNG
1,E:\MedicalData\TNSCUI2020\TNSCUI2020_train\image/7818.PNG
0,E:\MedicalData\TNSCUI2020\TNSCUI2020_train\image/153.PNG
1,E:\MedicalData\TNSCUI2020\TNSCUI2020_train\image/3820.PNG
0,E:\MedicalData\TNSCUI2020\TNSCUI2020_train\image/6836.PNG
1,E:\MedicalData\TNSCUI2020\TNSCUI2020_train\image/3541.PNG
0,E:\MedicalData\TNSCUI2020\TNSCUI2020_train\image/1686.PNG
1,E:\MedicalData\TNSCUI2020\TNSCUI2020_train\image/8182.PNG
1,E:\MedicalData\TNSCUI2020\TNSCUI2020_train\image/9607.PNG
1,E:\MedicalData\TNSCUI2020\TNSCUI2020_train\image/4276.PNG
0,E:\MedicalData\TNSCUI2020\TNSCUI2020_train\image/7091.PNG
1,E:\MedicalData\TNSCUI2020\TNSCUI2020_train\image/9660.PNG
1,E:\MedicalData\TNSCUI2020\TNSCUI2020_train\image/4478.PNG
0,E:\MedicalData\TNSCUI2020\TNSCUI2020_train\image/1317.PNG
0,E:\MedicalData\TNSCUI2020\TNSCUI2020_train\image/1104.PNG
1,E:\MedicalData\TNSCUI2020\TNSCUI2020_train\image/4564.PNG
1,E:\MedicalData\TNSCUI2020\TNSCUI2020_train\image/8576.PNG
1,E:\MedicalData\TNSCUI2020\TNSCUI2020_train\image/4708.PNG
0,E:\MedicalData\TNSCUI2020\TNSCUI2020_train\image/1282.PNG
1,E:\MedicalData\TNSCUI2020\TNSCUI2020_train\image/4051.PNG
1,E:\MedicalData\TNSCUI2020\TNSCUI2020_train\image/4507.PNG
0,E:\MedicalData\TNSCUI2020\TNSCUI2020_train\image/1276.PNG
1,E:\MedicalData\TNSCUI2020\TNSCUI2020_train\image/4079.PNG
1,E:\MedicalData\TNSCUI2020\TNSCUI2020_train\image/4434.PNG
1,E:\MedicalData\TNSCUI2020\TNSCUI2020_train\image/9560.PNG
1,E:\MedicalData\TNSCUI2020\TNSCUI2020_train\image/2810.PNG
1,E:\MedicalData\TNSCUI2020\TNSCUI2020_train\image/8969.PNG
0,E:\MedicalData\TNSCUI2020\TNSCUI2020_train\image/645.PNG
1,E:\MedicalData\TNSCUI2020\TNSCUI2020_train\image/4025.PNG
1,E:\MedicalData\TNSCUI2020\TNSCUI2020_train\image/2018.PNG
1,E:\MedicalData\TNSCUI2020\TNSCUI2020_train\image/9266.PNG
0,E:\MedicalData\TNSCUI2020\TNSCUI2020_train\image/882.PNG
1,E:\MedicalData\TNSCUI2020\TNSCUI2020_train\image/3185.PNG
1,E:\MedicalData\TNSCUI2020\TNSCUI2020_train\image/4737.PNG
1,E:\MedicalData\TNSCUI2020\TNSCUI2020_train\image/4574.PNG
0,E:\MedicalData\TNSCUI2020\TNSCUI2020_train\image/7213.PNG
0,E:\MedicalData\TNSCUI2020\TNSCUI2020_train\image/1232.PNG
1,E:\MedicalData\TNSCUI2020\TNSCUI2020_train\image/4029.PNG
0,E:\MedicalData\TNSCUI2020\TNSCUI2020_train\image/1540.PNG
1,E:\MedicalData\TNSCUI2020\TNSCUI2020_train\image/9075.PNG
1,E:\MedicalData\TNSCUI2020\TNSCUI2020_train\image/3111.PNG
1,E:\MedicalData\TNSCUI2020\TNSCUI2020_train\image/3808.PNG
1,E:\MedicalData\TNSCUI2020\TNSCUI2020_train\image/8292.PNG
0,E:\MedicalData\TNSCUI2020\TNSCUI2020_train\image/197.PNG
1,E:\MedicalData\TNSCUI2020\TNSCUI2020_train\image/9644.PNG
0,E:\MedicalData\TNSCUI2020\TNSCUI2020_train\image/1726.PNG
0,E:\MedicalData\TNSCUI2020\TNSCUI2020_train\image/5383.PNG
1,E:\MedicalData\TNSCUI2020\TNSCUI2020_train\image/8367.PNG
0,E:\MedicalData\TNSCUI2020\TNSCUI2020_train\image/1372.PNG
0,E:\MedicalData\TNSCUI2020\TNSCUI2020_train\image/221.PNG
0,E:\MedicalData\TNSCUI2020\TNSCUI2020_train\image/129.PNG
0,E:\MedicalData\TNSCUI2020\TNSCUI2020_train\image/5674.PNG
1,E:\MedicalData\TNSCUI2020\TNSCUI2020_train\image/4742.PNG
0,E:\MedicalData\TNSCUI2020\TNSCUI2020_train\image/1825.PNG
0,E:\MedicalData\TNSCUI2020\TNSCUI2020_train\image/1909.PNG
1,E:\MedicalData\TNSCUI2020\TNSCUI2020_train\image/2082.PNG
1,E:\MedicalData\TNSCUI2020\TNSCUI2020_train\image/8647.PNG
0,E:\MedicalData\TNSCUI2020\TNSCUI2020_train\image/5597.PNG
0,E:\MedicalData\TNSCUI2020\TNSCUI2020_train\image/140.PNG
1,E:\MedicalData\TNSCUI2020\TNSCUI2020_train\image/8915.PNG
1,E:\MedicalData\TNSCUI2020\TNSCUI2020_train\image/9284.PNG
0,E:\MedicalData\TNSCUI2020\TNSCUI2020_train\image/6752.PNG
1,E:\MedicalData\TNSCUI2020\TNSCUI2020_train\image/3076.PNG
1,E:\MedicalData\TNSCUI2020\TNSCUI2020_train\image/9196.PNG
0,E:\MedicalData\TNSCUI2020\TNSCUI2020_train\image/1160.PNG
0,E:\MedicalData\TNSCUI2020\TNSCUI2020_train\image/743.PNG
0,E:\MedicalData\TNSCUI2020\TNSCUI2020_train\image/1534.PNG
0,E:\MedicalData\TNSCUI2020\TNSCUI2020_train\image/6840.PNG
1,E:\MedicalData\TNSCUI2020\TNSCUI2020_train\image/2176.PNG
0,E:\MedicalData\TNSCUI2020\TNSCUI2020_train\image/1132.PNG
1,E:\MedicalData\TNSCUI2020\TNSCUI2020_train\image/3896.PNG
1,E:\MedicalData\TNSCUI2020\TNSCUI2020_train\image/2700.PNG
0,E:\MedicalData\TNSCUI2020\TNSCUI2020_train\image/177.PNG
1,E:\MedicalData\TNSCUI2020\TNSCUI2020_train\image/2379.PNG
0,E:\MedicalData\TNSCUI2020\TNSCUI2020_train\image/5354.PNG
0,E:\MedicalData\TNSCUI2020\TNSCUI2020_train\image/337.PNG
1,E:\MedicalData\TNSCUI2020\TNSCUI2020_train\image/3759.PNG
1,E:\MedicalData\TNSCUI2020\TNSCUI2020_train\image/7798.PNG
1,E:\MedicalData\TNSCUI2020\TNSCUI2020_train\image/3380.PNG
0,E:\MedicalData\TNSCUI2020\TNSCUI2020_train\image/7353.PNG
1,E:\MedicalData\TNSCUI2020\TNSCUI2020_train\image/4003.PNG
1,E:\MedicalData\TNSCUI2020\TNSCUI2020_train\image/9366.PNG
0,E:\MedicalData\TNSCUI2020\TNSCUI2020_train\image/6891.PNG
1,E:\MedicalData\TNSCUI2020\TNSCUI2020_train\image/3048.PNG
0,E:\MedicalData\TNSCUI2020\TNSCUI2020_train\image/6008.PNG
1,E:\MedicalData\TNSCUI2020\TNSCUI2020_train\image/3179.PNG
1,E:\MedicalData\TNSCUI2020\TNSCUI2020_train\image/2320.PNG
1,E:\MedicalData\TNSCUI2020\TNSCUI2020_train\image/8381.PNG
1,E:\MedicalData\TNSCUI2020\TNSCUI2020_train\image/3838.PNG
1,E:\MedicalData\TNSCUI2020\TNSCUI2020_train\image/8701.PNG
0,E:\MedicalData\TNSCUI2020\TNSCUI2020_train\image/6482.PNG
1,E:\MedicalData\TNSCUI2020\TNSCUI2020_train\image/4409.PNG
0,E:\MedicalData\TNSCUI2020\TNSCUI2020_train\image/651.PNG
1,E:\MedicalData\TNSCUI2020\TNSCUI2020_train\image/8269.PNG
0,E:\MedicalData\TNSCUI2020\TNSCUI2020_train\image/6099.PNG
1,E:\MedicalData\TNSCUI2020\TNSCUI2020_train\image/4658.PNG
1,E:\MedicalData\TNSCUI2020\TNSCUI2020_train\image/2239.PNG
0,E:\MedicalData\TNSCUI2020\TNSCUI2020_train\image/5811.PNG
1,E:\MedicalData\TNSCUI2020\TNSCUI2020_train\image/2800.PNG
0,E:\MedicalData\TNSCUI2020\TNSCUI2020_train\image/6756.PNG
0,E:\MedicalData\TNSCUI2020\TNSCUI2020_train\image/6982.PNG
1,E:\MedicalData\TNSCUI2020\TNSCUI2020_train\image/4133.PNG
1,E:\MedicalData\TNSCUI2020\TNSCUI2020_train\image/3396.PNG
0,E:\MedicalData\TNSCUI2020\TNSCUI2020_train\image/6263.PNG
0,E:\MedicalData\TNSCUI2020\TNSCUI2020_train\image/4849.PNG
0,E:\MedicalData\TNSCUI2020\TNSCUI2020_train\image/5761.PNG
0,E:\MedicalData\TNSCUI2020\TNSCUI2020_train\image/663.PNG
0,E:\MedicalData\TNSCUI2020\TNSCUI2020_train\image/670.PNG
1,E:\MedicalData\TNSCUI2020\TNSCUI2020_train\image/2726.PNG
0,E:\MedicalData\TNSCUI2020\TNSCUI2020_train\image/1256.PNG
0,E:\MedicalData\TNSCUI2020\TNSCUI2020_train\image/313.PNG
0,E:\MedicalData\TNSCUI2020\TNSCUI2020_train\image/5637.PNG
1,E:\MedicalData\TNSCUI2020\TNSCUI2020_train\image/8036.PNG
0,E:\MedicalData\TNSCUI2020\TNSCUI2020_train\image/6023.PNG
1,E:\MedicalData\TNSCUI2020\TNSCUI2020_train\image/9767.PNG
1,E:\MedicalData\TNSCUI2020\TNSCUI2020_train\image/2127.PNG
0,E:\MedicalData\TNSCUI2020\TNSCUI2020_train\image/1002.PNG
0,E:\MedicalData\TNSCUI2020\TNSCUI2020_train\image/6169.PNG
0,E:\MedicalData\TNSCUI2020\TNSCUI2020_train\image/747.PNG
1,E:\MedicalData\TNSCUI2020\TNSCUI2020_train\image/8928.PNG
1,E:\MedicalData\TNSCUI2020\TNSCUI2020_train\image/7836.PNG
1,E:\MedicalData\TNSCUI2020\TNSCUI2020_train\image/2262.PNG
1,E:\MedicalData\TNSCUI2020\TNSCUI2020_train\image/8985.PNG
0,E:\MedicalData\TNSCUI2020\TNSCUI2020_train\image/1627.PNG
1,E:\MedicalData\TNSCUI2020\TNSCUI2020_train\image/9250.PNG
1,E:\MedicalData\TNSCUI2020\TNSCUI2020_train\image/7889.PNG
1,E:\MedicalData\TNSCUI2020\TNSCUI2020_train\image/4530.PNG
0,E:\MedicalData\TNSCUI2020\TNSCUI2020_train\image/7252.PNG
1,E:\MedicalData\TNSCUI2020\TNSCUI2020_train\image/3473.PNG
0,E:\MedicalData\TNSCUI2020\TNSCUI2020_train\image/1044.PNG
1,E:\MedicalData\TNSCUI2020\TNSCUI2020_train\image/9031.PNG
0,E:\MedicalData\TNSCUI2020\TNSCUI2020_train\image/944.PNG
1,E:\MedicalData\TNSCUI2020\TNSCUI2020_train\image/8578.PNG
0,E:\MedicalData\TNSCUI2020\TNSCUI2020_train\image/1696.PNG
1,E:\MedicalData\TNSCUI2020\TNSCUI2020_train\image/4309.PNG
1,E:\MedicalData\TNSCUI2020\TNSCUI2020_train\image/2562.PNG
1,E:\MedicalData\TNSCUI2020\TNSCUI2020_train\image/3969.PNG
1,E:\MedicalData\TNSCUI2020\TNSCUI2020_train\image/8377.PNG
0,E:\MedicalData\TNSCUI2020\TNSCUI2020_train\image/792.PNG
1,E:\MedicalData\TNSCUI2020\TNSCUI2020_train\image/7980.PNG
1,E:\MedicalData\TNSCUI2020\TNSCUI2020_train\image/3503.PNG
1,E:\MedicalData\TNSCUI2020\TNSCUI2020_train\image/8596.PNG
0,E:\MedicalData\TNSCUI2020\TNSCUI2020_train\image/5430.PNG
0,E:\MedicalData\TNSCUI2020\TNSCUI2020_train\image/6163.PNG
1,E:\MedicalData\TNSCUI2020\TNSCUI2020_train\image/2010.PNG
1,E:\MedicalData\TNSCUI2020\TNSCUI2020_train\image/2079.PNG
1,E:\MedicalData\TNSCUI2020\TNSCUI2020_train\image/4536.PNG
0,E:\MedicalData\TNSCUI2020\TNSCUI2020_train\image/1040.PNG
0,E:\MedicalData\TNSCUI2020\TNSCUI2020_train\image/6986.PNG
1,E:\MedicalData\TNSCUI2020\TNSCUI2020_train\image/4466.PNG
0,E:\MedicalData\TNSCUI2020\TNSCUI2020_train\image/6123.PNG
0,E:\MedicalData\TNSCUI2020\TNSCUI2020_train\image/5734.PNG
1,E:\MedicalData\TNSCUI2020\TNSCUI2020_train\image/3655.PNG
1,E:\MedicalData\TNSCUI2020\TNSCUI2020_train\image/4217.PNG
1,E:\MedicalData\TNSCUI2020\TNSCUI2020_train\image/7893.PNG
1,E:\MedicalData\TNSCUI2020\TNSCUI2020_train\image/8850.PNG
0,E:\MedicalData\TNSCUI2020\TNSCUI2020_train\image/6189.PNG
0,E:\MedicalData\TNSCUI2020\TNSCUI2020_train\image/6622.PNG
0,E:\MedicalData\TNSCUI2020\TNSCUI2020_train\image/1279.PNG
1,E:\MedicalData\TNSCUI2020\TNSCUI2020_train\image/8536.PNG
1,E:\MedicalData\TNSCUI2020\TNSCUI2020_train\image/9352.PNG
0,E:\MedicalData\TNSCUI2020\TNSCUI2020_train\image/876.PNG
0,E:\MedicalData\TNSCUI2020\TNSCUI2020_train\image/1194.PNG
1,E:\MedicalData\TNSCUI2020\TNSCUI2020_train\image/3117.PNG
1,E:\MedicalData\TNSCUI2020\TNSCUI2020_train\image/4061.PNG
0,E:\MedicalData\TNSCUI2020\TNSCUI2020_train\image/5965.PNG
0,E:\MedicalData\TNSCUI2020\TNSCUI2020_train\image/1490.PNG
1,E:\MedicalData\TNSCUI2020\TNSCUI2020_train\image/3099.PNG
0,E:\MedicalData\TNSCUI2020\TNSCUI2020_train\image/621.PNG
0,E:\MedicalData\TNSCUI2020\TNSCUI2020_train\image/1241.PNG
0,E:\MedicalData\TNSCUI2020\TNSCUI2020_train\image/6071.PNG
1,E:\MedicalData\TNSCUI2020\TNSCUI2020_train\image/3989.PNG
0,E:\MedicalData\TNSCUI2020\TNSCUI2020_train\image/36.PNG
1,E:\MedicalData\TNSCUI2020\TNSCUI2020_train\image/8480.PNG
1,E:\MedicalData\TNSCUI2020\TNSCUI2020_train\image/2465.PNG
0,E:\MedicalData\TNSCUI2020\TNSCUI2020_train\image/479.PNG
0,E:\MedicalData\TNSCUI2020\TNSCUI2020_train\image/5893.PNG
0,E:\MedicalData\TNSCUI2020\TNSCUI2020_train\image/7075.PNG
1,E:\MedicalData\TNSCUI2020\TNSCUI2020_train\image/2962.PNG
1,E:\MedicalData\TNSCUI2020\TNSCUI2020_train\image/2388.PNG
0,E:\MedicalData\TNSCUI2020\TNSCUI2020_train\image/4944.PNG
1,E:\MedicalData\TNSCUI2020\TNSCUI2020_train\image/4045.PNG
0,E:\MedicalData\TNSCUI2020\TNSCUI2020_train\image/6539.PNG
1,E:\MedicalData\TNSCUI2020\TNSCUI2020_train\image/8699.PNG
0,E:\MedicalData\TNSCUI2020\TNSCUI2020_train\image/6485.PNG
1,E:\MedicalData\TNSCUI2020\TNSCUI2020_train\image/3723.PNG
0,E:\MedicalData\TNSCUI2020\TNSCUI2020_train\image/5326.PNG
0,E:\MedicalData\TNSCUI2020\TNSCUI2020_train\image/5498.PNG
0,E:\MedicalData\TNSCUI2020\TNSCUI2020_train\image/1502.PNG
0,E:\MedicalData\TNSCUI2020\TNSCUI2020_train\image/1568.PNG
1,E:\MedicalData\TNSCUI2020\TNSCUI2020_train\image/3753.PNG
1,E:\MedicalData\TNSCUI2020\TNSCUI2020_train\image/7931.PNG
1,E:\MedicalData\TNSCUI2020\TNSCUI2020_train\image/7644.PNG
1,E:\MedicalData\TNSCUI2020\TNSCUI2020_train\image/2162.PNG
1,E:\MedicalData\TNSCUI2020\TNSCUI2020_train\image/4680.PNG
0,E:\MedicalData\TNSCUI2020\TNSCUI2020_train\image/6103.PNG
0,E:\MedicalData\TNSCUI2020\TNSCUI2020_train\image/601.PNG
1,E:\MedicalData\TNSCUI2020\TNSCUI2020_train\image/9490.PNG
0,E:\MedicalData\TNSCUI2020\TNSCUI2020_train\image/7211.PNG
0,E:\MedicalData\TNSCUI2020\TNSCUI2020_train\image/6365.PNG
1,E:\MedicalData\TNSCUI2020\TNSCUI2020_train\image/8709.PNG
1,E:\MedicalData\TNSCUI2020\TNSCUI2020_train\image/7589.PNG
1,E:\MedicalData\TNSCUI2020\TNSCUI2020_train\image/2597.PNG
1,E:\MedicalData\TNSCUI2020\TNSCUI2020_train\image/2634.PNG
0,E:\MedicalData\TNSCUI2020\TNSCUI2020_train\image/448.PNG
1,E:\MedicalData\TNSCUI2020\TNSCUI2020_train\image/3963.PNG
0,E:\MedicalData\TNSCUI2020\TNSCUI2020_train\image/1148.PNG
0,E:\MedicalData\TNSCUI2020\TNSCUI2020_train\image/55.PNG
1,E:\MedicalData\TNSCUI2020\TNSCUI2020_train\image/2052.PNG
0,E:\MedicalData\TNSCUI2020\TNSCUI2020_train\image/333.PNG
1,E:\MedicalData\TNSCUI2020\TNSCUI2020_train\image/8484.PNG
0,E:\MedicalData\TNSCUI2020\TNSCUI2020_train\image/6762.PNG
0,E:\MedicalData\TNSCUI2020\TNSCUI2020_train\image/7233.PNG
0,E:\MedicalData\TNSCUI2020\TNSCUI2020_train\image/6316.PNG
0,E:\MedicalData\TNSCUI2020\TNSCUI2020_train\image/1897.PNG
0,E:\MedicalData\TNSCUI2020\TNSCUI2020_train\image/4866.PNG
0,E:\MedicalData\TNSCUI2020\TNSCUI2020_train\image/6720.PNG
1,E:\MedicalData\TNSCUI2020\TNSCUI2020_train\image/7596.PNG
1,E:\MedicalData\TNSCUI2020\TNSCUI2020_train\image/4412.PNG
1,E:\MedicalData\TNSCUI2020\TNSCUI2020_train\image/9330.PNG
1,E:\MedicalData\TNSCUI2020\TNSCUI2020_train\image/9306.PNG
1,E:\MedicalData\TNSCUI2020\TNSCUI2020_train\image/3422.PNG
1,E:\MedicalData\TNSCUI2020\TNSCUI2020_train\image/9621.PNG
0,E:\MedicalData\TNSCUI2020\TNSCUI2020_train\image/559.PNG
0,E:\MedicalData\TNSCUI2020\TNSCUI2020_train\image/7346.PNG
0,E:\MedicalData\TNSCUI2020\TNSCUI2020_train\image/6371.PNG
1,E:\MedicalData\TNSCUI2020\TNSCUI2020_train\image/3193.PNG
0,E:\MedicalData\TNSCUI2020\TNSCUI2020_train\image/223.PNG
1,E:\MedicalData\TNSCUI2020\TNSCUI2020_train\image/9134.PNG
1,E:\MedicalData\TNSCUI2020\TNSCUI2020_train\image/9276.PNG
1,E:\MedicalData\TNSCUI2020\TNSCUI2020_train\image/7947.PNG
1,E:\MedicalData\TNSCUI2020\TNSCUI2020_train\image/8470.PNG
1,E:\MedicalData\TNSCUI2020\TNSCUI2020_train\image/8954.PNG
1,E:\MedicalData\TNSCUI2020\TNSCUI2020_train\image/8691.PNG
1,E:\MedicalData\TNSCUI2020\TNSCUI2020_train\image/9110.PNG
1,E:\MedicalData\TNSCUI2020\TNSCUI2020_train\image/4660.PNG
0,E:\MedicalData\TNSCUI2020\TNSCUI2020_train\image/1690.PNG
1,E:\MedicalData\TNSCUI2020\TNSCUI2020_train\image/8172.PNG
1,E:\MedicalData\TNSCUI2020\TNSCUI2020_train\image/9216.PNG
1,E:\MedicalData\TNSCUI2020\TNSCUI2020_train\image/9514.PNG
0,E:\MedicalData\TNSCUI2020\TNSCUI2020_train\image/6724.PNG
1,E:\MedicalData\TNSCUI2020\TNSCUI2020_train\image/4550.PNG
0,E:\MedicalData\TNSCUI2020\TNSCUI2020_train\image/30.PNG
0,E:\MedicalData\TNSCUI2020\TNSCUI2020_train\image/489.PNG
0,E:\MedicalData\TNSCUI2020\TNSCUI2020_train\image/8.PNG
0,E:\MedicalData\TNSCUI2020\TNSCUI2020_train\image/5227.PNG
1,E:\MedicalData\TNSCUI2020\TNSCUI2020_train\image/2784.PNG
1,E:\MedicalData\TNSCUI2020\TNSCUI2020_train\image/3364.PNG
0,E:\MedicalData\TNSCUI2020\TNSCUI2020_train\image/1661.PNG
0,E:\MedicalData\TNSCUI2020\TNSCUI2020_train\image/6299.PNG
1,E:\MedicalData\TNSCUI2020\TNSCUI2020_train\image/4123.PNG
0,E:\MedicalData\TNSCUI2020\TNSCUI2020_train\image/597.PNG
1,E:\MedicalData\TNSCUI2020\TNSCUI2020_train\image/3844.PNG
0,E:\MedicalData\TNSCUI2020\TNSCUI2020_train\image/329.PNG
0,E:\MedicalData\TNSCUI2020\TNSCUI2020_train\image/5753.PNG
1,E:\MedicalData\TNSCUI2020\TNSCUI2020_train\image/2272.PNG
0,E:\MedicalData\TNSCUI2020\TNSCUI2020_train\image/358.PNG
0,E:\MedicalData\TNSCUI2020\TNSCUI2020_train\image/7304.PNG
0,E:\MedicalData\TNSCUI2020\TNSCUI2020_train\image/567.PNG
1,E:\MedicalData\TNSCUI2020\TNSCUI2020_train\image/7762.PNG
1,E:\MedicalData\TNSCUI2020\TNSCUI2020_train\image/9278.PNG
0,E:\MedicalData\TNSCUI2020\TNSCUI2020_train\image/815.PNG
1,E:\MedicalData\TNSCUI2020\TNSCUI2020_train\image/8355.PNG
0,E:\MedicalData\TNSCUI2020\TNSCUI2020_train\image/1331.PNG
1,E:\MedicalData\TNSCUI2020\TNSCUI2020_train\image/4491.PNG
1,E:\MedicalData\TNSCUI2020\TNSCUI2020_train\image/9180.PNG
0,E:\MedicalData\TNSCUI2020\TNSCUI2020_train\image/18.PNG
1,E:\MedicalData\TNSCUI2020\TNSCUI2020_train\image/4083.PNG
1,E:\MedicalData\TNSCUI2020\TNSCUI2020_train\image/9096.PNG
0,E:\MedicalData\TNSCUI2020\TNSCUI2020_train\image/5601.PNG
1,E:\MedicalData\TNSCUI2020\TNSCUI2020_train\image/3155.PNG
0,E:\MedicalData\TNSCUI2020\TNSCUI2020_train\image/619.PNG
0,E:\MedicalData\TNSCUI2020\TNSCUI2020_train\image/1486.PNG
0,E:\MedicalData\TNSCUI2020\TNSCUI2020_train\image/1867.PNG
1,E:\MedicalData\TNSCUI2020\TNSCUI2020_train\image/8379.PNG
0,E:\MedicalData\TNSCUI2020\TNSCUI2020_train\image/860.PNG
0,E:\MedicalData\TNSCUI2020\TNSCUI2020_train\image/5183.PNG
1,E:\MedicalData\TNSCUI2020\TNSCUI2020_train\image/3151.PNG
0,E:\MedicalData\TNSCUI2020\TNSCUI2020_train\image/1130.PNG
1,E:\MedicalData\TNSCUI2020\TNSCUI2020_train\image/7879.PNG
1,E:\MedicalData\TNSCUI2020\TNSCUI2020_train\image/4474.PNG
0,E:\MedicalData\TNSCUI2020\TNSCUI2020_train\image/1799.PNG
0,E:\MedicalData\TNSCUI2020\TNSCUI2020_train\image/868.PNG
1,E:\MedicalData\TNSCUI2020\TNSCUI2020_train\image/9635.PNG
1,E:\MedicalData\TNSCUI2020\TNSCUI2020_train\image/3127.PNG
0,E:\MedicalData\TNSCUI2020\TNSCUI2020_train\image/1688.PNG
1,E:\MedicalData\TNSCUI2020\TNSCUI2020_train\image/8913.PNG
0,E:\MedicalData\TNSCUI2020\TNSCUI2020_train\image/6772.PNG
1,E:\MedicalData\TNSCUI2020\TNSCUI2020_train\image/8963.PNG
1,E:\MedicalData\TNSCUI2020\TNSCUI2020_train\image/9658.PNG
0,E:\MedicalData\TNSCUI2020\TNSCUI2020_train\image/5763.PNG
0,E:\MedicalData\TNSCUI2020\TNSCUI2020_train\image/5922.PNG
1,E:\MedicalData\TNSCUI2020\TNSCUI2020_train\image/2362.PNG
1,E:\MedicalData\TNSCUI2020\TNSCUI2020_train\image/3386.PNG
1,E:\MedicalData\TNSCUI2020\TNSCUI2020_train\image/3008.PNG
0,E:\MedicalData\TNSCUI2020\TNSCUI2020_train\image/461.PNG
1,E:\MedicalData\TNSCUI2020\TNSCUI2020_train\image/1982.PNG
0,E:\MedicalData\TNSCUI2020\TNSCUI2020_train\image/6568.PNG
1,E:\MedicalData\TNSCUI2020\TNSCUI2020_train\image/4125.PNG
0,E:\MedicalData\TNSCUI2020\TNSCUI2020_train\image/5720.PNG
0,E:\MedicalData\TNSCUI2020\TNSCUI2020_train\image/6221.PNG
1,E:\MedicalData\TNSCUI2020\TNSCUI2020_train\image/7964.PNG
0,E:\MedicalData\TNSCUI2020\TNSCUI2020_train\image/1526.PNG
1,E:\MedicalData\TNSCUI2020\TNSCUI2020_train\image/8490.PNG
1,E:\MedicalData\TNSCUI2020\TNSCUI2020_train\image/4642.PNG
0,E:\MedicalData\TNSCUI2020\TNSCUI2020_train\image/7292.PNG
1,E:\MedicalData\TNSCUI2020\TNSCUI2020_train\image/2541.PNG
1,E:\MedicalData\TNSCUI2020\TNSCUI2020_train\image/2409.PNG
0,E:\MedicalData\TNSCUI2020\TNSCUI2020_train\image/5522.PNG
0,E:\MedicalData\TNSCUI2020\TNSCUI2020_train\image/6366.PNG
1,E:\MedicalData\TNSCUI2020\TNSCUI2020_train\image/2503.PNG
