Image,Mask
E:\MedicalData\TNSCUI2020\TNSCUI2020_train/image/100.PNG,E:\MedicalData\TNSCUI2020\TNSCUI2020_train/mask/100.PNG
E:\MedicalData\TNSCUI2020\TNSCUI2020_train/image/1026.PNG,E:\MedicalData\TNSCUI2020\TNSCUI2020_train/mask/1026.PNG
E:\MedicalData\TNSCUI2020\TNSCUI2020_train/image/1034.PNG,E:\MedicalData\TNSCUI2020\TNSCUI2020_train/mask/1034.PNG
E:\MedicalData\TNSCUI2020\TNSCUI2020_train/image/1038.PNG,E:\MedicalData\TNSCUI2020\TNSCUI2020_train/mask/1038.PNG
E:\MedicalData\TNSCUI2020\TNSCUI2020_train/image/1040.PNG,E:\MedicalData\TNSCUI2020\TNSCUI2020_train/mask/1040.PNG
E:\MedicalData\TNSCUI2020\TNSCUI2020_train/image/1042.PNG,E:\MedicalData\TNSCUI2020\TNSCUI2020_train/mask/1042.PNG
E:\MedicalData\TNSCUI2020\TNSCUI2020_train/image/1084.PNG,E:\MedicalData\TNSCUI2020\TNSCUI2020_train/mask/1084.PNG
E:\MedicalData\TNSCUI2020\TNSCUI2020_train/image/109.PNG,E:\MedicalData\TNSCUI2020\TNSCUI2020_train/mask/109.PNG
E:\MedicalData\TNSCUI2020\TNSCUI2020_train/image/1102.PNG,E:\MedicalData\TNSCUI2020\TNSCUI2020_train/mask/1102.PNG
E:\MedicalData\TNSCUI2020\TNSCUI2020_train/image/1108.PNG,E:\MedicalData\TNSCUI2020\TNSCUI2020_train/mask/1108.PNG
E:\MedicalData\TNSCUI2020\TNSCUI2020_train/image/111.PNG,E:\MedicalData\TNSCUI2020\TNSCUI2020_train/mask/111.PNG
E:\MedicalData\TNSCUI2020\TNSCUI2020_train/image/1110.PNG,E:\MedicalData\TNSCUI2020\TNSCUI2020_train/mask/1110.PNG
E:\MedicalData\TNSCUI2020\TNSCUI2020_train/image/1134.PNG,E:\MedicalData\TNSCUI2020\TNSCUI2020_train/mask/1134.PNG
E:\MedicalData\TNSCUI2020\TNSCUI2020_train/image/1144.PNG,E:\MedicalData\TNSCUI2020\TNSCUI2020_train/mask/1144.PNG
E:\MedicalData\TNSCUI2020\TNSCUI2020_train/image/1152.PNG,E:\MedicalData\TNSCUI2020\TNSCUI2020_train/mask/1152.PNG
E:\MedicalData\TNSCUI2020\TNSCUI2020_train/image/1162.PNG,E:\MedicalData\TNSCUI2020\TNSCUI2020_train/mask/1162.PNG
E:\MedicalData\TNSCUI2020\TNSCUI2020_train/image/1184.PNG,E:\MedicalData\TNSCUI2020\TNSCUI2020_train/mask/1184.PNG
E:\MedicalData\TNSCUI2020\TNSCUI2020_train/image/1194.PNG,E:\MedicalData\TNSCUI2020\TNSCUI2020_train/mask/1194.PNG
E:\MedicalData\TNSCUI2020\TNSCUI2020_train/image/1212.PNG,E:\MedicalData\TNSCUI2020\TNSCUI2020_train/mask/1212.PNG
E:\MedicalData\TNSCUI2020\TNSCUI2020_train/image/1248.PNG,E:\MedicalData\TNSCUI2020\TNSCUI2020_train/mask/1248.PNG
E:\MedicalData\TNSCUI2020\TNSCUI2020_train/image/125.PNG,E:\MedicalData\TNSCUI2020\TNSCUI2020_train/mask/125.PNG
E:\MedicalData\TNSCUI2020\TNSCUI2020_train/image/1289.PNG,E:\MedicalData\TNSCUI2020\TNSCUI2020_train/mask/1289.PNG
E:\MedicalData\TNSCUI2020\TNSCUI2020_train/image/1291.PNG,E:\MedicalData\TNSCUI2020\TNSCUI2020_train/mask/1291.PNG
E:\MedicalData\TNSCUI2020\TNSCUI2020_train/image/1295.PNG,E:\MedicalData\TNSCUI2020\TNSCUI2020_train/mask/1295.PNG
E:\MedicalData\TNSCUI2020\TNSCUI2020_train/image/1296.PNG,E:\MedicalData\TNSCUI2020\TNSCUI2020_train/mask/1296.PNG
E:\MedicalData\TNSCUI2020\TNSCUI2020_train/image/1306.PNG,E:\MedicalData\TNSCUI2020\TNSCUI2020_train/mask/1306.PNG
E:\MedicalData\TNSCUI2020\TNSCUI2020_train/image/1314.PNG,E:\MedicalData\TNSCUI2020\TNSCUI2020_train/mask/1314.PNG
E:\MedicalData\TNSCUI2020\TNSCUI2020_train/image/1339.PNG,E:\MedicalData\TNSCUI2020\TNSCUI2020_train/mask/1339.PNG
E:\MedicalData\TNSCUI2020\TNSCUI2020_train/image/1349.PNG,E:\MedicalData\TNSCUI2020\TNSCUI2020_train/mask/1349.PNG
E:\MedicalData\TNSCUI2020\TNSCUI2020_train/image/1359.PNG,E:\MedicalData\TNSCUI2020\TNSCUI2020_train/mask/1359.PNG
E:\MedicalData\TNSCUI2020\TNSCUI2020_train/image/1363.PNG,E:\MedicalData\TNSCUI2020\TNSCUI2020_train/mask/1363.PNG
E:\MedicalData\TNSCUI2020\TNSCUI2020_train/image/1386.PNG,E:\MedicalData\TNSCUI2020\TNSCUI2020_train/mask/1386.PNG
E:\MedicalData\TNSCUI2020\TNSCUI2020_train/image/1392.PNG,E:\MedicalData\TNSCUI2020\TNSCUI2020_train/mask/1392.PNG
E:\MedicalData\TNSCUI2020\TNSCUI2020_train/image/1398.PNG,E:\MedicalData\TNSCUI2020\TNSCUI2020_train/mask/1398.PNG
E:\MedicalData\TNSCUI2020\TNSCUI2020_train/image/1421.PNG,E:\MedicalData\TNSCUI2020\TNSCUI2020_train/mask/1421.PNG
E:\MedicalData\TNSCUI2020\TNSCUI2020_train/image/1426.PNG,E:\MedicalData\TNSCUI2020\TNSCUI2020_train/mask/1426.PNG
E:\MedicalData\TNSCUI2020\TNSCUI2020_train/image/1430.PNG,E:\MedicalData\TNSCUI2020\TNSCUI2020_train/mask/1430.PNG
E:\MedicalData\TNSCUI2020\TNSCUI2020_train/image/1432.PNG,E:\MedicalData\TNSCUI2020\TNSCUI2020_train/mask/1432.PNG
E:\MedicalData\TNSCUI2020\TNSCUI2020_train/image/1434.PNG,E:\MedicalData\TNSCUI2020\TNSCUI2020_train/mask/1434.PNG
E:\MedicalData\TNSCUI2020\TNSCUI2020_train/image/1438.PNG,E:\MedicalData\TNSCUI2020\TNSCUI2020_train/mask/1438.PNG
E:\MedicalData\TNSCUI2020\TNSCUI2020_train/image/144.PNG,E:\MedicalData\TNSCUI2020\TNSCUI2020_train/mask/144.PNG
E:\MedicalData\TNSCUI2020\TNSCUI2020_train/image/1445.PNG,E:\MedicalData\TNSCUI2020\TNSCUI2020_train/mask/1445.PNG
E:\MedicalData\TNSCUI2020\TNSCUI2020_train/image/1453.PNG,E:\MedicalData\TNSCUI2020\TNSCUI2020_train/mask/1453.PNG
E:\MedicalData\TNSCUI2020\TNSCUI2020_train/image/1473.PNG,E:\MedicalData\TNSCUI2020\TNSCUI2020_train/mask/1473.PNG
E:\MedicalData\TNSCUI2020\TNSCUI2020_train/image/1479.PNG,E:\MedicalData\TNSCUI2020\TNSCUI2020_train/mask/1479.PNG
E:\MedicalData\TNSCUI2020\TNSCUI2020_train/image/1492.PNG,E:\MedicalData\TNSCUI2020\TNSCUI2020_train/mask/1492.PNG
E:\MedicalData\TNSCUI2020\TNSCUI2020_train/image/1496.PNG,E:\MedicalData\TNSCUI2020\TNSCUI2020_train/mask/1496.PNG
E:\MedicalData\TNSCUI2020\TNSCUI2020_train/image/1543.PNG,E:\MedicalData\TNSCUI2020\TNSCUI2020_train/mask/1543.PNG
E:\MedicalData\TNSCUI2020\TNSCUI2020_train/image/155.PNG,E:\MedicalData\TNSCUI2020\TNSCUI2020_train/mask/155.PNG
E:\MedicalData\TNSCUI2020\TNSCUI2020_train/image/1551.PNG,E:\MedicalData\TNSCUI2020\TNSCUI2020_train/mask/1551.PNG
E:\MedicalData\TNSCUI2020\TNSCUI2020_train/image/1553.PNG,E:\MedicalData\TNSCUI2020\TNSCUI2020_train/mask/1553.PNG
E:\MedicalData\TNSCUI2020\TNSCUI2020_train/image/1562.PNG,E:\MedicalData\TNSCUI2020\TNSCUI2020_train/mask/1562.PNG
E:\MedicalData\TNSCUI2020\TNSCUI2020_train/image/1568.PNG,E:\MedicalData\TNSCUI2020\TNSCUI2020_train/mask/1568.PNG
E:\MedicalData\TNSCUI2020\TNSCUI2020_train/image/1573.PNG,E:\MedicalData\TNSCUI2020\TNSCUI2020_train/mask/1573.PNG
E:\MedicalData\TNSCUI2020\TNSCUI2020_train/image/1593.PNG,E:\MedicalData\TNSCUI2020\TNSCUI2020_train/mask/1593.PNG
E:\MedicalData\TNSCUI2020\TNSCUI2020_train/image/1607.PNG,E:\MedicalData\TNSCUI2020\TNSCUI2020_train/mask/1607.PNG
E:\MedicalData\TNSCUI2020\TNSCUI2020_train/image/1635.PNG,E:\MedicalData\TNSCUI2020\TNSCUI2020_train/mask/1635.PNG
E:\MedicalData\TNSCUI2020\TNSCUI2020_train/image/1641.PNG,E:\MedicalData\TNSCUI2020\TNSCUI2020_train/mask/1641.PNG
E:\MedicalData\TNSCUI2020\TNSCUI2020_train/image/1655.PNG,E:\MedicalData\TNSCUI2020\TNSCUI2020_train/mask/1655.PNG
E:\MedicalData\TNSCUI2020\TNSCUI2020_train/image/1658.PNG,E:\MedicalData\TNSCUI2020\TNSCUI2020_train/mask/1658.PNG
E:\MedicalData\TNSCUI2020\TNSCUI2020_train/image/1660.PNG,E:\MedicalData\TNSCUI2020\TNSCUI2020_train/mask/1660.PNG
E:\MedicalData\TNSCUI2020\TNSCUI2020_train/image/1665.PNG,E:\MedicalData\TNSCUI2020\TNSCUI2020_train/mask/1665.PNG
E:\MedicalData\TNSCUI2020\TNSCUI2020_train/image/1688.PNG,E:\MedicalData\TNSCUI2020\TNSCUI2020_train/mask/1688.PNG
E:\MedicalData\TNSCUI2020\TNSCUI2020_train/image/1692.PNG,E:\MedicalData\TNSCUI2020\TNSCUI2020_train/mask/1692.PNG
E:\MedicalData\TNSCUI2020\TNSCUI2020_train/image/1702.PNG,E:\MedicalData\TNSCUI2020\TNSCUI2020_train/mask/1702.PNG
E:\MedicalData\TNSCUI2020\TNSCUI2020_train/image/1728.PNG,E:\MedicalData\TNSCUI2020\TNSCUI2020_train/mask/1728.PNG
E:\MedicalData\TNSCUI2020\TNSCUI2020_train/image/173.PNG,E:\MedicalData\TNSCUI2020\TNSCUI2020_train/mask/173.PNG
E:\MedicalData\TNSCUI2020\TNSCUI2020_train/image/1734.PNG,E:\MedicalData\TNSCUI2020\TNSCUI2020_train/mask/1734.PNG
E:\MedicalData\TNSCUI2020\TNSCUI2020_train/image/1752.PNG,E:\MedicalData\TNSCUI2020\TNSCUI2020_train/mask/1752.PNG
E:\MedicalData\TNSCUI2020\TNSCUI2020_train/image/1756.PNG,E:\MedicalData\TNSCUI2020\TNSCUI2020_train/mask/1756.PNG
E:\MedicalData\TNSCUI2020\TNSCUI2020_train/image/1764.PNG,E:\MedicalData\TNSCUI2020\TNSCUI2020_train/mask/1764.PNG
E:\MedicalData\TNSCUI2020\TNSCUI2020_train/image/1776.PNG,E:\MedicalData\TNSCUI2020\TNSCUI2020_train/mask/1776.PNG
E:\MedicalData\TNSCUI2020\TNSCUI2020_train/image/1790.PNG,E:\MedicalData\TNSCUI2020\TNSCUI2020_train/mask/1790.PNG
E:\MedicalData\TNSCUI2020\TNSCUI2020_train/image/1792.PNG,E:\MedicalData\TNSCUI2020\TNSCUI2020_train/mask/1792.PNG
E:\MedicalData\TNSCUI2020\TNSCUI2020_train/image/1799.PNG,E:\MedicalData\TNSCUI2020\TNSCUI2020_train/mask/1799.PNG
E:\MedicalData\TNSCUI2020\TNSCUI2020_train/image/18.PNG,E:\MedicalData\TNSCUI2020\TNSCUI2020_train/mask/18.PNG
E:\MedicalData\TNSCUI2020\TNSCUI2020_train/image/1803.PNG,E:\MedicalData\TNSCUI2020\TNSCUI2020_train/mask/1803.PNG
E:\MedicalData\TNSCUI2020\TNSCUI2020_train/image/1815.PNG,E:\MedicalData\TNSCUI2020\TNSCUI2020_train/mask/1815.PNG
E:\MedicalData\TNSCUI2020\TNSCUI2020_train/image/1823.PNG,E:\MedicalData\TNSCUI2020\TNSCUI2020_train/mask/1823.PNG
E:\MedicalData\TNSCUI2020\TNSCUI2020_train/image/1827.PNG,E:\MedicalData\TNSCUI2020\TNSCUI2020_train/mask/1827.PNG
E:\MedicalData\TNSCUI2020\TNSCUI2020_train/image/1835.PNG,E:\MedicalData\TNSCUI2020\TNSCUI2020_train/mask/1835.PNG
E:\MedicalData\TNSCUI2020\TNSCUI2020_train/image/1855.PNG,E:\MedicalData\TNSCUI2020\TNSCUI2020_train/mask/1855.PNG
E:\MedicalData\TNSCUI2020\TNSCUI2020_train/image/1869.PNG,E:\MedicalData\TNSCUI2020\TNSCUI2020_train/mask/1869.PNG
E:\MedicalData\TNSCUI2020\TNSCUI2020_train/image/1879.PNG,E:\MedicalData\TNSCUI2020\TNSCUI2020_train/mask/1879.PNG
E:\MedicalData\TNSCUI2020\TNSCUI2020_train/image/1892.PNG,E:\MedicalData\TNSCUI2020\TNSCUI2020_train/mask/1892.PNG
E:\MedicalData\TNSCUI2020\TNSCUI2020_train/image/1900.PNG,E:\MedicalData\TNSCUI2020\TNSCUI2020_train/mask/1900.PNG
E:\MedicalData\TNSCUI2020\TNSCUI2020_train/image/1911.PNG,E:\MedicalData\TNSCUI2020\TNSCUI2020_train/mask/1911.PNG
E:\MedicalData\TNSCUI2020\TNSCUI2020_train/image/1930.PNG,E:\MedicalData\TNSCUI2020\TNSCUI2020_train/mask/1930.PNG
E:\MedicalData\TNSCUI2020\TNSCUI2020_train/image/1932.PNG,E:\MedicalData\TNSCUI2020\TNSCUI2020_train/mask/1932.PNG
E:\MedicalData\TNSCUI2020\TNSCUI2020_train/image/1942.PNG,E:\MedicalData\TNSCUI2020\TNSCUI2020_train/mask/1942.PNG
E:\MedicalData\TNSCUI2020\TNSCUI2020_train/image/1948.PNG,E:\MedicalData\TNSCUI2020\TNSCUI2020_train/mask/1948.PNG
E:\MedicalData\TNSCUI2020\TNSCUI2020_train/image/1960.PNG,E:\MedicalData\TNSCUI2020\TNSCUI2020_train/mask/1960.PNG
E:\MedicalData\TNSCUI2020\TNSCUI2020_train/image/1961.PNG,E:\MedicalData\TNSCUI2020\TNSCUI2020_train/mask/1961.PNG
E:\MedicalData\TNSCUI2020\TNSCUI2020_train/image/1970.PNG,E:\MedicalData\TNSCUI2020\TNSCUI2020_train/mask/1970.PNG
E:\MedicalData\TNSCUI2020\TNSCUI2020_train/image/1972.PNG,E:\MedicalData\TNSCUI2020\TNSCUI2020_train/mask/1972.PNG
E:\MedicalData\TNSCUI2020\TNSCUI2020_train/image/198.PNG,E:\MedicalData\TNSCUI2020\TNSCUI2020_train/mask/198.PNG
E:\MedicalData\TNSCUI2020\TNSCUI2020_train/image/1980.PNG,E:\MedicalData\TNSCUI2020\TNSCUI2020_train/mask/1980.PNG
E:\MedicalData\TNSCUI2020\TNSCUI2020_train/image/1982.PNG,E:\MedicalData\TNSCUI2020\TNSCUI2020_train/mask/1982.PNG
E:\MedicalData\TNSCUI2020\TNSCUI2020_train/image/1992.PNG,E:\MedicalData\TNSCUI2020\TNSCUI2020_train/mask/1992.PNG
E:\MedicalData\TNSCUI2020\TNSCUI2020_train/image/2018.PNG,E:\MedicalData\TNSCUI2020\TNSCUI2020_train/mask/2018.PNG
E:\MedicalData\TNSCUI2020\TNSCUI2020_train/image/2020.PNG,E:\MedicalData\TNSCUI2020\TNSCUI2020_train/mask/2020.PNG
E:\MedicalData\TNSCUI2020\TNSCUI2020_train/image/2031.PNG,E:\MedicalData\TNSCUI2020\TNSCUI2020_train/mask/2031.PNG
E:\MedicalData\TNSCUI2020\TNSCUI2020_train/image/2040.PNG,E:\MedicalData\TNSCUI2020\TNSCUI2020_train/mask/2040.PNG
E:\MedicalData\TNSCUI2020\TNSCUI2020_train/image/2054.PNG,E:\MedicalData\TNSCUI2020\TNSCUI2020_train/mask/2054.PNG
E:\MedicalData\TNSCUI2020\TNSCUI2020_train/image/2079.PNG,E:\MedicalData\TNSCUI2020\TNSCUI2020_train/mask/2079.PNG
E:\MedicalData\TNSCUI2020\TNSCUI2020_train/image/2082.PNG,E:\MedicalData\TNSCUI2020\TNSCUI2020_train/mask/2082.PNG
E:\MedicalData\TNSCUI2020\TNSCUI2020_train/image/2083.PNG,E:\MedicalData\TNSCUI2020\TNSCUI2020_train/mask/2083.PNG
E:\MedicalData\TNSCUI2020\TNSCUI2020_train/image/2090.PNG,E:\MedicalData\TNSCUI2020\TNSCUI2020_train/mask/2090.PNG
E:\MedicalData\TNSCUI2020\TNSCUI2020_train/image/2096.PNG,E:\MedicalData\TNSCUI2020\TNSCUI2020_train/mask/2096.PNG
E:\MedicalData\TNSCUI2020\TNSCUI2020_train/image/2104.PNG,E:\MedicalData\TNSCUI2020\TNSCUI2020_train/mask/2104.PNG
E:\MedicalData\TNSCUI2020\TNSCUI2020_train/image/2143.PNG,E:\MedicalData\TNSCUI2020\TNSCUI2020_train/mask/2143.PNG
E:\MedicalData\TNSCUI2020\TNSCUI2020_train/image/215.PNG,E:\MedicalData\TNSCUI2020\TNSCUI2020_train/mask/215.PNG
E:\MedicalData\TNSCUI2020\TNSCUI2020_train/image/2152.PNG,E:\MedicalData\TNSCUI2020\TNSCUI2020_train/mask/2152.PNG
E:\MedicalData\TNSCUI2020\TNSCUI2020_train/image/2191.PNG,E:\MedicalData\TNSCUI2020\TNSCUI2020_train/mask/2191.PNG
E:\MedicalData\TNSCUI2020\TNSCUI2020_train/image/2200.PNG,E:\MedicalData\TNSCUI2020\TNSCUI2020_train/mask/2200.PNG
E:\MedicalData\TNSCUI2020\TNSCUI2020_train/image/2211.PNG,E:\MedicalData\TNSCUI2020\TNSCUI2020_train/mask/2211.PNG
E:\MedicalData\TNSCUI2020\TNSCUI2020_train/image/2215.PNG,E:\MedicalData\TNSCUI2020\TNSCUI2020_train/mask/2215.PNG
E:\MedicalData\TNSCUI2020\TNSCUI2020_train/image/2222.PNG,E:\MedicalData\TNSCUI2020\TNSCUI2020_train/mask/2222.PNG
E:\MedicalData\TNSCUI2020\TNSCUI2020_train/image/2226.PNG,E:\MedicalData\TNSCUI2020\TNSCUI2020_train/mask/2226.PNG
E:\MedicalData\TNSCUI2020\TNSCUI2020_train/image/223.PNG,E:\MedicalData\TNSCUI2020\TNSCUI2020_train/mask/223.PNG
E:\MedicalData\TNSCUI2020\TNSCUI2020_train/image/2239.PNG,E:\MedicalData\TNSCUI2020\TNSCUI2020_train/mask/2239.PNG
E:\MedicalData\TNSCUI2020\TNSCUI2020_train/image/2241.PNG,E:\MedicalData\TNSCUI2020\TNSCUI2020_train/mask/2241.PNG
E:\MedicalData\TNSCUI2020\TNSCUI2020_train/image/2244.PNG,E:\MedicalData\TNSCUI2020\TNSCUI2020_train/mask/2244.PNG
E:\MedicalData\TNSCUI2020\TNSCUI2020_train/image/2256.PNG,E:\MedicalData\TNSCUI2020\TNSCUI2020_train/mask/2256.PNG
E:\MedicalData\TNSCUI2020\TNSCUI2020_train/image/2258.PNG,E:\MedicalData\TNSCUI2020\TNSCUI2020_train/mask/2258.PNG
E:\MedicalData\TNSCUI2020\TNSCUI2020_train/image/2268.PNG,E:\MedicalData\TNSCUI2020\TNSCUI2020_train/mask/2268.PNG
E:\MedicalData\TNSCUI2020\TNSCUI2020_train/image/2280.PNG,E:\MedicalData\TNSCUI2020\TNSCUI2020_train/mask/2280.PNG
E:\MedicalData\TNSCUI2020\TNSCUI2020_train/image/2287.PNG,E:\MedicalData\TNSCUI2020\TNSCUI2020_train/mask/2287.PNG
E:\MedicalData\TNSCUI2020\TNSCUI2020_train/image/229.PNG,E:\MedicalData\TNSCUI2020\TNSCUI2020_train/mask/229.PNG
E:\MedicalData\TNSCUI2020\TNSCUI2020_train/image/2329.PNG,E:\MedicalData\TNSCUI2020\TNSCUI2020_train/mask/2329.PNG
E:\MedicalData\TNSCUI2020\TNSCUI2020_train/image/2341.PNG,E:\MedicalData\TNSCUI2020\TNSCUI2020_train/mask/2341.PNG
E:\MedicalData\TNSCUI2020\TNSCUI2020_train/image/2351.PNG,E:\MedicalData\TNSCUI2020\TNSCUI2020_train/mask/2351.PNG
E:\MedicalData\TNSCUI2020\TNSCUI2020_train/image/2357.PNG,E:\MedicalData\TNSCUI2020\TNSCUI2020_train/mask/2357.PNG
E:\MedicalData\TNSCUI2020\TNSCUI2020_train/image/2359.PNG,E:\MedicalData\TNSCUI2020\TNSCUI2020_train/mask/2359.PNG
E:\MedicalData\TNSCUI2020\TNSCUI2020_train/image/2373.PNG,E:\MedicalData\TNSCUI2020\TNSCUI2020_train/mask/2373.PNG
E:\MedicalData\TNSCUI2020\TNSCUI2020_train/image/2389.PNG,E:\MedicalData\TNSCUI2020\TNSCUI2020_train/mask/2389.PNG
E:\MedicalData\TNSCUI2020\TNSCUI2020_train/image/2405.PNG,E:\MedicalData\TNSCUI2020\TNSCUI2020_train/mask/2405.PNG
E:\MedicalData\TNSCUI2020\TNSCUI2020_train/image/241.PNG,E:\MedicalData\TNSCUI2020\TNSCUI2020_train/mask/241.PNG
E:\MedicalData\TNSCUI2020\TNSCUI2020_train/image/2426.PNG,E:\MedicalData\TNSCUI2020\TNSCUI2020_train/mask/2426.PNG
E:\MedicalData\TNSCUI2020\TNSCUI2020_train/image/2436.PNG,E:\MedicalData\TNSCUI2020\TNSCUI2020_train/mask/2436.PNG
E:\MedicalData\TNSCUI2020\TNSCUI2020_train/image/245.PNG,E:\MedicalData\TNSCUI2020\TNSCUI2020_train/mask/245.PNG
E:\MedicalData\TNSCUI2020\TNSCUI2020_train/image/2487.PNG,E:\MedicalData\TNSCUI2020\TNSCUI2020_train/mask/2487.PNG
E:\MedicalData\TNSCUI2020\TNSCUI2020_train/image/2495.PNG,E:\MedicalData\TNSCUI2020\TNSCUI2020_train/mask/2495.PNG
E:\MedicalData\TNSCUI2020\TNSCUI2020_train/image/2507.PNG,E:\MedicalData\TNSCUI2020\TNSCUI2020_train/mask/2507.PNG
E:\MedicalData\TNSCUI2020\TNSCUI2020_train/image/2562.PNG,E:\MedicalData\TNSCUI2020\TNSCUI2020_train/mask/2562.PNG
E:\MedicalData\TNSCUI2020\TNSCUI2020_train/image/2579.PNG,E:\MedicalData\TNSCUI2020\TNSCUI2020_train/mask/2579.PNG
E:\MedicalData\TNSCUI2020\TNSCUI2020_train/image/2581.PNG,E:\MedicalData\TNSCUI2020\TNSCUI2020_train/mask/2581.PNG
E:\MedicalData\TNSCUI2020\TNSCUI2020_train/image/2591.PNG,E:\MedicalData\TNSCUI2020\TNSCUI2020_train/mask/2591.PNG
E:\MedicalData\TNSCUI2020\TNSCUI2020_train/image/2613.PNG,E:\MedicalData\TNSCUI2020\TNSCUI2020_train/mask/2613.PNG
E:\MedicalData\TNSCUI2020\TNSCUI2020_train/image/2621.PNG,E:\MedicalData\TNSCUI2020\TNSCUI2020_train/mask/2621.PNG
E:\MedicalData\TNSCUI2020\TNSCUI2020_train/image/2636.PNG,E:\MedicalData\TNSCUI2020\TNSCUI2020_train/mask/2636.PNG
E:\MedicalData\TNSCUI2020\TNSCUI2020_train/image/2674.PNG,E:\MedicalData\TNSCUI2020\TNSCUI2020_train/mask/2674.PNG
E:\MedicalData\TNSCUI2020\TNSCUI2020_train/image/2678.PNG,E:\MedicalData\TNSCUI2020\TNSCUI2020_train/mask/2678.PNG
E:\MedicalData\TNSCUI2020\TNSCUI2020_train/image/2692.PNG,E:\MedicalData\TNSCUI2020\TNSCUI2020_train/mask/2692.PNG
E:\MedicalData\TNSCUI2020\TNSCUI2020_train/image/2722.PNG,E:\MedicalData\TNSCUI2020\TNSCUI2020_train/mask/2722.PNG
E:\MedicalData\TNSCUI2020\TNSCUI2020_train/image/2724.PNG,E:\MedicalData\TNSCUI2020\TNSCUI2020_train/mask/2724.PNG
E:\MedicalData\TNSCUI2020\TNSCUI2020_train/image/273.PNG,E:\MedicalData\TNSCUI2020\TNSCUI2020_train/mask/273.PNG
E:\MedicalData\TNSCUI2020\TNSCUI2020_train/image/2748.PNG,E:\MedicalData\TNSCUI2020\TNSCUI2020_train/mask/2748.PNG
E:\MedicalData\TNSCUI2020\TNSCUI2020_train/image/2750.PNG,E:\MedicalData\TNSCUI2020\TNSCUI2020_train/mask/2750.PNG
E:\MedicalData\TNSCUI2020\TNSCUI2020_train/image/2752.PNG,E:\MedicalData\TNSCUI2020\TNSCUI2020_train/mask/2752.PNG
E:\MedicalData\TNSCUI2020\TNSCUI2020_train/image/2770.PNG,E:\MedicalData\TNSCUI2020\TNSCUI2020_train/mask/2770.PNG
E:\MedicalData\TNSCUI2020\TNSCUI2020_train/image/2800.PNG,E:\MedicalData\TNSCUI2020\TNSCUI2020_train/mask/2800.PNG
E:\MedicalData\TNSCUI2020\TNSCUI2020_train/image/2810.PNG,E:\MedicalData\TNSCUI2020\TNSCUI2020_train/mask/2810.PNG
E:\MedicalData\TNSCUI2020\TNSCUI2020_train/image/2822.PNG,E:\MedicalData\TNSCUI2020\TNSCUI2020_train/mask/2822.PNG
E:\MedicalData\TNSCUI2020\TNSCUI2020_train/image/2840.PNG,E:\MedicalData\TNSCUI2020\TNSCUI2020_train/mask/2840.PNG
E:\MedicalData\TNSCUI2020\TNSCUI2020_train/image/2867.PNG,E:\MedicalData\TNSCUI2020\TNSCUI2020_train/mask/2867.PNG
E:\MedicalData\TNSCUI2020\TNSCUI2020_train/image/2882.PNG,E:\MedicalData\TNSCUI2020\TNSCUI2020_train/mask/2882.PNG
E:\MedicalData\TNSCUI2020\TNSCUI2020_train/image/2884.PNG,E:\MedicalData\TNSCUI2020\TNSCUI2020_train/mask/2884.PNG
E:\MedicalData\TNSCUI2020\TNSCUI2020_train/image/2896.PNG,E:\MedicalData\TNSCUI2020\TNSCUI2020_train/mask/2896.PNG
E:\MedicalData\TNSCUI2020\TNSCUI2020_train/image/2906.PNG,E:\MedicalData\TNSCUI2020\TNSCUI2020_train/mask/2906.PNG
E:\MedicalData\TNSCUI2020\TNSCUI2020_train/image/2913.PNG,E:\MedicalData\TNSCUI2020\TNSCUI2020_train/mask/2913.PNG
E:\MedicalData\TNSCUI2020\TNSCUI2020_train/image/2926.PNG,E:\MedicalData\TNSCUI2020\TNSCUI2020_train/mask/2926.PNG
E:\MedicalData\TNSCUI2020\TNSCUI2020_train/image/2933.PNG,E:\MedicalData\TNSCUI2020\TNSCUI2020_train/mask/2933.PNG
E:\MedicalData\TNSCUI2020\TNSCUI2020_train/image/2936.PNG,E:\MedicalData\TNSCUI2020\TNSCUI2020_train/mask/2936.PNG
E:\MedicalData\TNSCUI2020\TNSCUI2020_train/image/294.PNG,E:\MedicalData\TNSCUI2020\TNSCUI2020_train/mask/294.PNG
E:\MedicalData\TNSCUI2020\TNSCUI2020_train/image/2954.PNG,E:\MedicalData\TNSCUI2020\TNSCUI2020_train/mask/2954.PNG
E:\MedicalData\TNSCUI2020\TNSCUI2020_train/image/2958.PNG,E:\MedicalData\TNSCUI2020\TNSCUI2020_train/mask/2958.PNG
E:\MedicalData\TNSCUI2020\TNSCUI2020_train/image/2987.PNG,E:\MedicalData\TNSCUI2020\TNSCUI2020_train/mask/2987.PNG
E:\MedicalData\TNSCUI2020\TNSCUI2020_train/image/3000.PNG,E:\MedicalData\TNSCUI2020\TNSCUI2020_train/mask/3000.PNG
E:\MedicalData\TNSCUI2020\TNSCUI2020_train/image/301.PNG,E:\MedicalData\TNSCUI2020\TNSCUI2020_train/mask/301.PNG
E:\MedicalData\TNSCUI2020\TNSCUI2020_train/image/3014.PNG,E:\MedicalData\TNSCUI2020\TNSCUI2020_train/mask/3014.PNG
E:\MedicalData\TNSCUI2020\TNSCUI2020_train/image/3030.PNG,E:\MedicalData\TNSCUI2020\TNSCUI2020_train/mask/3030.PNG
E:\MedicalData\TNSCUI2020\TNSCUI2020_train/image/3036.PNG,E:\MedicalData\TNSCUI2020\TNSCUI2020_train/mask/3036.PNG
E:\MedicalData\TNSCUI2020\TNSCUI2020_train/image/3058.PNG,E:\MedicalData\TNSCUI2020\TNSCUI2020_train/mask/3058.PNG
E:\MedicalData\TNSCUI2020\TNSCUI2020_train/image/3061.PNG,E:\MedicalData\TNSCUI2020\TNSCUI2020_train/mask/3061.PNG
E:\MedicalData\TNSCUI2020\TNSCUI2020_train/image/3078.PNG,E:\MedicalData\TNSCUI2020\TNSCUI2020_train/mask/3078.PNG
E:\MedicalData\TNSCUI2020\TNSCUI2020_train/image/3084.PNG,E:\MedicalData\TNSCUI2020\TNSCUI2020_train/mask/3084.PNG
E:\MedicalData\TNSCUI2020\TNSCUI2020_train/image/3088.PNG,E:\MedicalData\TNSCUI2020\TNSCUI2020_train/mask/3088.PNG
E:\MedicalData\TNSCUI2020\TNSCUI2020_train/image/3093.PNG,E:\MedicalData\TNSCUI2020\TNSCUI2020_train/mask/3093.PNG
E:\MedicalData\TNSCUI2020\TNSCUI2020_train/image/3099.PNG,E:\MedicalData\TNSCUI2020\TNSCUI2020_train/mask/3099.PNG
E:\MedicalData\TNSCUI2020\TNSCUI2020_train/image/3117.PNG,E:\MedicalData\TNSCUI2020\TNSCUI2020_train/mask/3117.PNG
E:\MedicalData\TNSCUI2020\TNSCUI2020_train/image/313.PNG,E:\MedicalData\TNSCUI2020\TNSCUI2020_train/mask/313.PNG
E:\MedicalData\TNSCUI2020\TNSCUI2020_train/image/3133.PNG,E:\MedicalData\TNSCUI2020\TNSCUI2020_train/mask/3133.PNG
E:\MedicalData\TNSCUI2020\TNSCUI2020_train/image/3141.PNG,E:\MedicalData\TNSCUI2020\TNSCUI2020_train/mask/3141.PNG
E:\MedicalData\TNSCUI2020\TNSCUI2020_train/image/3149.PNG,E:\MedicalData\TNSCUI2020\TNSCUI2020_train/mask/3149.PNG
E:\MedicalData\TNSCUI2020\TNSCUI2020_train/image/3151.PNG,E:\MedicalData\TNSCUI2020\TNSCUI2020_train/mask/3151.PNG
E:\MedicalData\TNSCUI2020\TNSCUI2020_train/image/3159.PNG,E:\MedicalData\TNSCUI2020\TNSCUI2020_train/mask/3159.PNG
E:\MedicalData\TNSCUI2020\TNSCUI2020_train/image/3161.PNG,E:\MedicalData\TNSCUI2020\TNSCUI2020_train/mask/3161.PNG
E:\MedicalData\TNSCUI2020\TNSCUI2020_train/image/3163.PNG,E:\MedicalData\TNSCUI2020\TNSCUI2020_train/mask/3163.PNG
E:\MedicalData\TNSCUI2020\TNSCUI2020_train/image/3169.PNG,E:\MedicalData\TNSCUI2020\TNSCUI2020_train/mask/3169.PNG
E:\MedicalData\TNSCUI2020\TNSCUI2020_train/image/3175.PNG,E:\MedicalData\TNSCUI2020\TNSCUI2020_train/mask/3175.PNG
E:\MedicalData\TNSCUI2020\TNSCUI2020_train/image/3189.PNG,E:\MedicalData\TNSCUI2020\TNSCUI2020_train/mask/3189.PNG
E:\MedicalData\TNSCUI2020\TNSCUI2020_train/image/3193.PNG,E:\MedicalData\TNSCUI2020\TNSCUI2020_train/mask/3193.PNG
E:\MedicalData\TNSCUI2020\TNSCUI2020_train/image/3197.PNG,E:\MedicalData\TNSCUI2020\TNSCUI2020_train/mask/3197.PNG
E:\MedicalData\TNSCUI2020\TNSCUI2020_train/image/3199.PNG,E:\MedicalData\TNSCUI2020\TNSCUI2020_train/mask/3199.PNG
E:\MedicalData\TNSCUI2020\TNSCUI2020_train/image/3205.PNG,E:\MedicalData\TNSCUI2020\TNSCUI2020_train/mask/3205.PNG
E:\MedicalData\TNSCUI2020\TNSCUI2020_train/image/3209.PNG,E:\MedicalData\TNSCUI2020\TNSCUI2020_train/mask/3209.PNG
E:\MedicalData\TNSCUI2020\TNSCUI2020_train/image/3211.PNG,E:\MedicalData\TNSCUI2020\TNSCUI2020_train/mask/3211.PNG
E:\MedicalData\TNSCUI2020\TNSCUI2020_train/image/3217.PNG,E:\MedicalData\TNSCUI2020\TNSCUI2020_train/mask/3217.PNG
E:\MedicalData\TNSCUI2020\TNSCUI2020_train/image/3222.PNG,E:\MedicalData\TNSCUI2020\TNSCUI2020_train/mask/3222.PNG
E:\MedicalData\TNSCUI2020\TNSCUI2020_train/image/3223.PNG,E:\MedicalData\TNSCUI2020\TNSCUI2020_train/mask/3223.PNG
E:\MedicalData\TNSCUI2020\TNSCUI2020_train/image/3227.PNG,E:\MedicalData\TNSCUI2020\TNSCUI2020_train/mask/3227.PNG
E:\MedicalData\TNSCUI2020\TNSCUI2020_train/image/3231.PNG,E:\MedicalData\TNSCUI2020\TNSCUI2020_train/mask/3231.PNG
E:\MedicalData\TNSCUI2020\TNSCUI2020_train/image/3243.PNG,E:\MedicalData\TNSCUI2020\TNSCUI2020_train/mask/3243.PNG
E:\MedicalData\TNSCUI2020\TNSCUI2020_train/image/3250.PNG,E:\MedicalData\TNSCUI2020\TNSCUI2020_train/mask/3250.PNG
E:\MedicalData\TNSCUI2020\TNSCUI2020_train/image/3266.PNG,E:\MedicalData\TNSCUI2020\TNSCUI2020_train/mask/3266.PNG
E:\MedicalData\TNSCUI2020\TNSCUI2020_train/image/3308.PNG,E:\MedicalData\TNSCUI2020\TNSCUI2020_train/mask/3308.PNG
E:\MedicalData\TNSCUI2020\TNSCUI2020_train/image/3344.PNG,E:\MedicalData\TNSCUI2020\TNSCUI2020_train/mask/3344.PNG
E:\MedicalData\TNSCUI2020\TNSCUI2020_train/image/3350.PNG,E:\MedicalData\TNSCUI2020\TNSCUI2020_train/mask/3350.PNG
E:\MedicalData\TNSCUI2020\TNSCUI2020_train/image/3382.PNG,E:\MedicalData\TNSCUI2020\TNSCUI2020_train/mask/3382.PNG
E:\MedicalData\TNSCUI2020\TNSCUI2020_train/image/3386.PNG,E:\MedicalData\TNSCUI2020\TNSCUI2020_train/mask/3386.PNG
E:\MedicalData\TNSCUI2020\TNSCUI2020_train/image/3394.PNG,E:\MedicalData\TNSCUI2020\TNSCUI2020_train/mask/3394.PNG
E:\MedicalData\TNSCUI2020\TNSCUI2020_train/image/3398.PNG,E:\MedicalData\TNSCUI2020\TNSCUI2020_train/mask/3398.PNG
E:\MedicalData\TNSCUI2020\TNSCUI2020_train/image/3400.PNG,E:\MedicalData\TNSCUI2020\TNSCUI2020_train/mask/3400.PNG
E:\MedicalData\TNSCUI2020\TNSCUI2020_train/image/3418.PNG,E:\MedicalData\TNSCUI2020\TNSCUI2020_train/mask/3418.PNG
E:\MedicalData\TNSCUI2020\TNSCUI2020_train/image/3424.PNG,E:\MedicalData\TNSCUI2020\TNSCUI2020_train/mask/3424.PNG
E:\MedicalData\TNSCUI2020\TNSCUI2020_train/image/3430.PNG,E:\MedicalData\TNSCUI2020\TNSCUI2020_train/mask/3430.PNG
E:\MedicalData\TNSCUI2020\TNSCUI2020_train/image/345.PNG,E:\MedicalData\TNSCUI2020\TNSCUI2020_train/mask/345.PNG
E:\MedicalData\TNSCUI2020\TNSCUI2020_train/image/3459.PNG,E:\MedicalData\TNSCUI2020\TNSCUI2020_train/mask/3459.PNG
E:\MedicalData\TNSCUI2020\TNSCUI2020_train/image/3491.PNG,E:\MedicalData\TNSCUI2020\TNSCUI2020_train/mask/3491.PNG
E:\MedicalData\TNSCUI2020\TNSCUI2020_train/image/350.PNG,E:\MedicalData\TNSCUI2020\TNSCUI2020_train/mask/350.PNG
E:\MedicalData\TNSCUI2020\TNSCUI2020_train/image/3501.PNG,E:\MedicalData\TNSCUI2020\TNSCUI2020_train/mask/3501.PNG
E:\MedicalData\TNSCUI2020\TNSCUI2020_train/image/3503.PNG,E:\MedicalData\TNSCUI2020\TNSCUI2020_train/mask/3503.PNG
E:\MedicalData\TNSCUI2020\TNSCUI2020_train/image/3508.PNG,E:\MedicalData\TNSCUI2020\TNSCUI2020_train/mask/3508.PNG
E:\MedicalData\TNSCUI2020\TNSCUI2020_train/image/3541.PNG,E:\MedicalData\TNSCUI2020\TNSCUI2020_train/mask/3541.PNG
E:\MedicalData\TNSCUI2020\TNSCUI2020_train/image/3543.PNG,E:\MedicalData\TNSCUI2020\TNSCUI2020_train/mask/3543.PNG
E:\MedicalData\TNSCUI2020\TNSCUI2020_train/image/3552.PNG,E:\MedicalData\TNSCUI2020\TNSCUI2020_train/mask/3552.PNG
E:\MedicalData\TNSCUI2020\TNSCUI2020_train/image/3555.PNG,E:\MedicalData\TNSCUI2020\TNSCUI2020_train/mask/3555.PNG
E:\MedicalData\TNSCUI2020\TNSCUI2020_train/image/3558.PNG,E:\MedicalData\TNSCUI2020\TNSCUI2020_train/mask/3558.PNG
E:\MedicalData\TNSCUI2020\TNSCUI2020_train/image/3559.PNG,E:\MedicalData\TNSCUI2020\TNSCUI2020_train/mask/3559.PNG
E:\MedicalData\TNSCUI2020\TNSCUI2020_train/image/3575.PNG,E:\MedicalData\TNSCUI2020\TNSCUI2020_train/mask/3575.PNG
E:\MedicalData\TNSCUI2020\TNSCUI2020_train/image/3591.PNG,E:\MedicalData\TNSCUI2020\TNSCUI2020_train/mask/3591.PNG
E:\MedicalData\TNSCUI2020\TNSCUI2020_train/image/3595.PNG,E:\MedicalData\TNSCUI2020\TNSCUI2020_train/mask/3595.PNG
E:\MedicalData\TNSCUI2020\TNSCUI2020_train/image/3619.PNG,E:\MedicalData\TNSCUI2020\TNSCUI2020_train/mask/3619.PNG
E:\MedicalData\TNSCUI2020\TNSCUI2020_train/image/3627.PNG,E:\MedicalData\TNSCUI2020\TNSCUI2020_train/mask/3627.PNG
E:\MedicalData\TNSCUI2020\TNSCUI2020_train/image/3631.PNG,E:\MedicalData\TNSCUI2020\TNSCUI2020_train/mask/3631.PNG
E:\MedicalData\TNSCUI2020\TNSCUI2020_train/image/3638.PNG,E:\MedicalData\TNSCUI2020\TNSCUI2020_train/mask/3638.PNG
E:\MedicalData\TNSCUI2020\TNSCUI2020_train/image/3661.PNG,E:\MedicalData\TNSCUI2020\TNSCUI2020_train/mask/3661.PNG
E:\MedicalData\TNSCUI2020\TNSCUI2020_train/image/3667.PNG,E:\MedicalData\TNSCUI2020\TNSCUI2020_train/mask/3667.PNG
E:\MedicalData\TNSCUI2020\TNSCUI2020_train/image/3671.PNG,E:\MedicalData\TNSCUI2020\TNSCUI2020_train/mask/3671.PNG
E:\MedicalData\TNSCUI2020\TNSCUI2020_train/image/3673.PNG,E:\MedicalData\TNSCUI2020\TNSCUI2020_train/mask/3673.PNG
E:\MedicalData\TNSCUI2020\TNSCUI2020_train/image/3678.PNG,E:\MedicalData\TNSCUI2020\TNSCUI2020_train/mask/3678.PNG
E:\MedicalData\TNSCUI2020\TNSCUI2020_train/image/3679.PNG,E:\MedicalData\TNSCUI2020\TNSCUI2020_train/mask/3679.PNG
E:\MedicalData\TNSCUI2020\TNSCUI2020_train/image/3685.PNG,E:\MedicalData\TNSCUI2020\TNSCUI2020_train/mask/3685.PNG
E:\MedicalData\TNSCUI2020\TNSCUI2020_train/image/3687.PNG,E:\MedicalData\TNSCUI2020\TNSCUI2020_train/mask/3687.PNG
E:\MedicalData\TNSCUI2020\TNSCUI2020_train/image/3697.PNG,E:\MedicalData\TNSCUI2020\TNSCUI2020_train/mask/3697.PNG
E:\MedicalData\TNSCUI2020\TNSCUI2020_train/image/3707.PNG,E:\MedicalData\TNSCUI2020\TNSCUI2020_train/mask/3707.PNG
E:\MedicalData\TNSCUI2020\TNSCUI2020_train/image/3713.PNG,E:\MedicalData\TNSCUI2020\TNSCUI2020_train/mask/3713.PNG
E:\MedicalData\TNSCUI2020\TNSCUI2020_train/image/3757.PNG,E:\MedicalData\TNSCUI2020\TNSCUI2020_train/mask/3757.PNG
E:\MedicalData\TNSCUI2020\TNSCUI2020_train/image/3759.PNG,E:\MedicalData\TNSCUI2020\TNSCUI2020_train/mask/3759.PNG
E:\MedicalData\TNSCUI2020\TNSCUI2020_train/image/3769.PNG,E:\MedicalData\TNSCUI2020\TNSCUI2020_train/mask/3769.PNG
E:\MedicalData\TNSCUI2020\TNSCUI2020_train/image/3782.PNG,E:\MedicalData\TNSCUI2020\TNSCUI2020_train/mask/3782.PNG
E:\MedicalData\TNSCUI2020\TNSCUI2020_train/image/3787.PNG,E:\MedicalData\TNSCUI2020\TNSCUI2020_train/mask/3787.PNG
E:\MedicalData\TNSCUI2020\TNSCUI2020_train/image/379.PNG,E:\MedicalData\TNSCUI2020\TNSCUI2020_train/mask/379.PNG
E:\MedicalData\TNSCUI2020\TNSCUI2020_train/image/3810.PNG,E:\MedicalData\TNSCUI2020\TNSCUI2020_train/mask/3810.PNG
E:\MedicalData\TNSCUI2020\TNSCUI2020_train/image/3812.PNG,E:\MedicalData\TNSCUI2020\TNSCUI2020_train/mask/3812.PNG
E:\MedicalData\TNSCUI2020\TNSCUI2020_train/image/3816.PNG,E:\MedicalData\TNSCUI2020\TNSCUI2020_train/mask/3816.PNG
E:\MedicalData\TNSCUI2020\TNSCUI2020_train/image/3818.PNG,E:\MedicalData\TNSCUI2020\TNSCUI2020_train/mask/3818.PNG
E:\MedicalData\TNSCUI2020\TNSCUI2020_train/image/3829.PNG,E:\MedicalData\TNSCUI2020\TNSCUI2020_train/mask/3829.PNG
E:\MedicalData\TNSCUI2020\TNSCUI2020_train/image/384.PNG,E:\MedicalData\TNSCUI2020\TNSCUI2020_train/mask/384.PNG
E:\MedicalData\TNSCUI2020\TNSCUI2020_train/image/3846.PNG,E:\MedicalData\TNSCUI2020\TNSCUI2020_train/mask/3846.PNG
E:\MedicalData\TNSCUI2020\TNSCUI2020_train/image/3850.PNG,E:\MedicalData\TNSCUI2020\TNSCUI2020_train/mask/3850.PNG
E:\MedicalData\TNSCUI2020\TNSCUI2020_train/image/3856.PNG,E:\MedicalData\TNSCUI2020\TNSCUI2020_train/mask/3856.PNG
E:\MedicalData\TNSCUI2020\TNSCUI2020_train/image/3868.PNG,E:\MedicalData\TNSCUI2020\TNSCUI2020_train/mask/3868.PNG
E:\MedicalData\TNSCUI2020\TNSCUI2020_train/image/3874.PNG,E:\MedicalData\TNSCUI2020\TNSCUI2020_train/mask/3874.PNG
E:\MedicalData\TNSCUI2020\TNSCUI2020_train/image/3880.PNG,E:\MedicalData\TNSCUI2020\TNSCUI2020_train/mask/3880.PNG
E:\MedicalData\TNSCUI2020\TNSCUI2020_train/image/3886.PNG,E:\MedicalData\TNSCUI2020\TNSCUI2020_train/mask/3886.PNG
E:\MedicalData\TNSCUI2020\TNSCUI2020_train/image/3888.PNG,E:\MedicalData\TNSCUI2020\TNSCUI2020_train/mask/3888.PNG
E:\MedicalData\TNSCUI2020\TNSCUI2020_train/image/3896.PNG,E:\MedicalData\TNSCUI2020\TNSCUI2020_train/mask/3896.PNG
E:\MedicalData\TNSCUI2020\TNSCUI2020_train/image/390.PNG,E:\MedicalData\TNSCUI2020\TNSCUI2020_train/mask/390.PNG
E:\MedicalData\TNSCUI2020\TNSCUI2020_train/image/392.PNG,E:\MedicalData\TNSCUI2020\TNSCUI2020_train/mask/392.PNG
E:\MedicalData\TNSCUI2020\TNSCUI2020_train/image/3922.PNG,E:\MedicalData\TNSCUI2020\TNSCUI2020_train/mask/3922.PNG
E:\MedicalData\TNSCUI2020\TNSCUI2020_train/image/3926.PNG,E:\MedicalData\TNSCUI2020\TNSCUI2020_train/mask/3926.PNG
E:\MedicalData\TNSCUI2020\TNSCUI2020_train/image/3950.PNG,E:\MedicalData\TNSCUI2020\TNSCUI2020_train/mask/3950.PNG
E:\MedicalData\TNSCUI2020\TNSCUI2020_train/image/3956.PNG,E:\MedicalData\TNSCUI2020\TNSCUI2020_train/mask/3956.PNG
E:\MedicalData\TNSCUI2020\TNSCUI2020_train/image/3963.PNG,E:\MedicalData\TNSCUI2020\TNSCUI2020_train/mask/3963.PNG
E:\MedicalData\TNSCUI2020\TNSCUI2020_train/image/3985.PNG,E:\MedicalData\TNSCUI2020\TNSCUI2020_train/mask/3985.PNG
E:\MedicalData\TNSCUI2020\TNSCUI2020_train/image/3989.PNG,E:\MedicalData\TNSCUI2020\TNSCUI2020_train/mask/3989.PNG
E:\MedicalData\TNSCUI2020\TNSCUI2020_train/image/3997.PNG,E:\MedicalData\TNSCUI2020\TNSCUI2020_train/mask/3997.PNG
E:\MedicalData\TNSCUI2020\TNSCUI2020_train/image/4017.PNG,E:\MedicalData\TNSCUI2020\TNSCUI2020_train/mask/4017.PNG
E:\MedicalData\TNSCUI2020\TNSCUI2020_train/image/4019.PNG,E:\MedicalData\TNSCUI2020\TNSCUI2020_train/mask/4019.PNG
E:\MedicalData\TNSCUI2020\TNSCUI2020_train/image/4031.PNG,E:\MedicalData\TNSCUI2020\TNSCUI2020_train/mask/4031.PNG
E:\MedicalData\TNSCUI2020\TNSCUI2020_train/image/4049.PNG,E:\MedicalData\TNSCUI2020\TNSCUI2020_train/mask/4049.PNG
E:\MedicalData\TNSCUI2020\TNSCUI2020_train/image/4051.PNG,E:\MedicalData\TNSCUI2020\TNSCUI2020_train/mask/4051.PNG
E:\MedicalData\TNSCUI2020\TNSCUI2020_train/image/4079.PNG,E:\MedicalData\TNSCUI2020\TNSCUI2020_train/mask/4079.PNG
E:\MedicalData\TNSCUI2020\TNSCUI2020_train/image/4083.PNG,E:\MedicalData\TNSCUI2020\TNSCUI2020_train/mask/4083.PNG
E:\MedicalData\TNSCUI2020\TNSCUI2020_train/image/4095.PNG,E:\MedicalData\TNSCUI2020\TNSCUI2020_train/mask/4095.PNG
E:\MedicalData\TNSCUI2020\TNSCUI2020_train/image/4108.PNG,E:\MedicalData\TNSCUI2020\TNSCUI2020_train/mask/4108.PNG
E:\MedicalData\TNSCUI2020\TNSCUI2020_train/image/412.PNG,E:\MedicalData\TNSCUI2020\TNSCUI2020_train/mask/412.PNG
E:\MedicalData\TNSCUI2020\TNSCUI2020_train/image/4143.PNG,E:\MedicalData\TNSCUI2020\TNSCUI2020_train/mask/4143.PNG
E:\MedicalData\TNSCUI2020\TNSCUI2020_train/image/4150.PNG,E:\MedicalData\TNSCUI2020\TNSCUI2020_train/mask/4150.PNG
E:\MedicalData\TNSCUI2020\TNSCUI2020_train/image/4173.PNG,E:\MedicalData\TNSCUI2020\TNSCUI2020_train/mask/4173.PNG
E:\MedicalData\TNSCUI2020\TNSCUI2020_train/image/4177.PNG,E:\MedicalData\TNSCUI2020\TNSCUI2020_train/mask/4177.PNG
E:\MedicalData\TNSCUI2020\TNSCUI2020_train/image/4181.PNG,E:\MedicalData\TNSCUI2020\TNSCUI2020_train/mask/4181.PNG
E:\MedicalData\TNSCUI2020\TNSCUI2020_train/image/4183.PNG,E:\MedicalData\TNSCUI2020\TNSCUI2020_train/mask/4183.PNG
E:\MedicalData\TNSCUI2020\TNSCUI2020_train/image/4185.PNG,E:\MedicalData\TNSCUI2020\TNSCUI2020_train/mask/4185.PNG
E:\MedicalData\TNSCUI2020\TNSCUI2020_train/image/4227.PNG,E:\MedicalData\TNSCUI2020\TNSCUI2020_train/mask/4227.PNG
E:\MedicalData\TNSCUI2020\TNSCUI2020_train/image/4237.PNG,E:\MedicalData\TNSCUI2020\TNSCUI2020_train/mask/4237.PNG
E:\MedicalData\TNSCUI2020\TNSCUI2020_train/image/428.PNG,E:\MedicalData\TNSCUI2020\TNSCUI2020_train/mask/428.PNG
E:\MedicalData\TNSCUI2020\TNSCUI2020_train/image/431.PNG,E:\MedicalData\TNSCUI2020\TNSCUI2020_train/mask/431.PNG
E:\MedicalData\TNSCUI2020\TNSCUI2020_train/image/4315.PNG,E:\MedicalData\TNSCUI2020\TNSCUI2020_train/mask/4315.PNG
E:\MedicalData\TNSCUI2020\TNSCUI2020_train/image/4317.PNG,E:\MedicalData\TNSCUI2020\TNSCUI2020_train/mask/4317.PNG
E:\MedicalData\TNSCUI2020\TNSCUI2020_train/image/435.PNG,E:\MedicalData\TNSCUI2020\TNSCUI2020_train/mask/435.PNG
E:\MedicalData\TNSCUI2020\TNSCUI2020_train/image/4351.PNG,E:\MedicalData\TNSCUI2020\TNSCUI2020_train/mask/4351.PNG
E:\MedicalData\TNSCUI2020\TNSCUI2020_train/image/4355.PNG,E:\MedicalData\TNSCUI2020\TNSCUI2020_train/mask/4355.PNG
E:\MedicalData\TNSCUI2020\TNSCUI2020_train/image/4367.PNG,E:\MedicalData\TNSCUI2020\TNSCUI2020_train/mask/4367.PNG
E:\MedicalData\TNSCUI2020\TNSCUI2020_train/image/4371.PNG,E:\MedicalData\TNSCUI2020\TNSCUI2020_train/mask/4371.PNG
E:\MedicalData\TNSCUI2020\TNSCUI2020_train/image/4402.PNG,E:\MedicalData\TNSCUI2020\TNSCUI2020_train/mask/4402.PNG
E:\MedicalData\TNSCUI2020\TNSCUI2020_train/image/441.PNG,E:\MedicalData\TNSCUI2020\TNSCUI2020_train/mask/441.PNG
E:\MedicalData\TNSCUI2020\TNSCUI2020_train/image/4412.PNG,E:\MedicalData\TNSCUI2020\TNSCUI2020_train/mask/4412.PNG
E:\MedicalData\TNSCUI2020\TNSCUI2020_train/image/4418.PNG,E:\MedicalData\TNSCUI2020\TNSCUI2020_train/mask/4418.PNG
E:\MedicalData\TNSCUI2020\TNSCUI2020_train/image/4424.PNG,E:\MedicalData\TNSCUI2020\TNSCUI2020_train/mask/4424.PNG
E:\MedicalData\TNSCUI2020\TNSCUI2020_train/image/4442.PNG,E:\MedicalData\TNSCUI2020\TNSCUI2020_train/mask/4442.PNG
E:\MedicalData\TNSCUI2020\TNSCUI2020_train/image/4444.PNG,E:\MedicalData\TNSCUI2020\TNSCUI2020_train/mask/4444.PNG
E:\MedicalData\TNSCUI2020\TNSCUI2020_train/image/4456.PNG,E:\MedicalData\TNSCUI2020\TNSCUI2020_train/mask/4456.PNG
E:\MedicalData\TNSCUI2020\TNSCUI2020_train/image/4489.PNG,E:\MedicalData\TNSCUI2020\TNSCUI2020_train/mask/4489.PNG
E:\MedicalData\TNSCUI2020\TNSCUI2020_train/image/449.PNG,E:\MedicalData\TNSCUI2020\TNSCUI2020_train/mask/449.PNG
E:\MedicalData\TNSCUI2020\TNSCUI2020_train/image/4507.PNG,E:\MedicalData\TNSCUI2020\TNSCUI2020_train/mask/4507.PNG
E:\MedicalData\TNSCUI2020\TNSCUI2020_train/image/4532.PNG,E:\MedicalData\TNSCUI2020\TNSCUI2020_train/mask/4532.PNG
E:\MedicalData\TNSCUI2020\TNSCUI2020_train/image/4542.PNG,E:\MedicalData\TNSCUI2020\TNSCUI2020_train/mask/4542.PNG
E:\MedicalData\TNSCUI2020\TNSCUI2020_train/image/4546.PNG,E:\MedicalData\TNSCUI2020\TNSCUI2020_train/mask/4546.PNG
E:\MedicalData\TNSCUI2020\TNSCUI2020_train/image/4558.PNG,E:\MedicalData\TNSCUI2020\TNSCUI2020_train/mask/4558.PNG
E:\MedicalData\TNSCUI2020\TNSCUI2020_train/image/4600.PNG,E:\MedicalData\TNSCUI2020\TNSCUI2020_train/mask/4600.PNG
E:\MedicalData\TNSCUI2020\TNSCUI2020_train/image/4604.PNG,E:\MedicalData\TNSCUI2020\TNSCUI2020_train/mask/4604.PNG
E:\MedicalData\TNSCUI2020\TNSCUI2020_train/image/4636.PNG,E:\MedicalData\TNSCUI2020\TNSCUI2020_train/mask/4636.PNG
E:\MedicalData\TNSCUI2020\TNSCUI2020_train/image/4652.PNG,E:\MedicalData\TNSCUI2020\TNSCUI2020_train/mask/4652.PNG
E:\MedicalData\TNSCUI2020\TNSCUI2020_train/image/4674.PNG,E:\MedicalData\TNSCUI2020\TNSCUI2020_train/mask/4674.PNG
E:\MedicalData\TNSCUI2020\TNSCUI2020_train/image/4684.PNG,E:\MedicalData\TNSCUI2020\TNSCUI2020_train/mask/4684.PNG
E:\MedicalData\TNSCUI2020\TNSCUI2020_train/image/4688.PNG,E:\MedicalData\TNSCUI2020\TNSCUI2020_train/mask/4688.PNG
E:\MedicalData\TNSCUI2020\TNSCUI2020_train/image/469.PNG,E:\MedicalData\TNSCUI2020\TNSCUI2020_train/mask/469.PNG
E:\MedicalData\TNSCUI2020\TNSCUI2020_train/image/4700.PNG,E:\MedicalData\TNSCUI2020\TNSCUI2020_train/mask/4700.PNG
E:\MedicalData\TNSCUI2020\TNSCUI2020_train/image/4710.PNG,E:\MedicalData\TNSCUI2020\TNSCUI2020_train/mask/4710.PNG
E:\MedicalData\TNSCUI2020\TNSCUI2020_train/image/4725.PNG,E:\MedicalData\TNSCUI2020\TNSCUI2020_train/mask/4725.PNG
E:\MedicalData\TNSCUI2020\TNSCUI2020_train/image/4731.PNG,E:\MedicalData\TNSCUI2020\TNSCUI2020_train/mask/4731.PNG
E:\MedicalData\TNSCUI2020\TNSCUI2020_train/image/4733.PNG,E:\MedicalData\TNSCUI2020\TNSCUI2020_train/mask/4733.PNG
E:\MedicalData\TNSCUI2020\TNSCUI2020_train/image/4744.PNG,E:\MedicalData\TNSCUI2020\TNSCUI2020_train/mask/4744.PNG
E:\MedicalData\TNSCUI2020\TNSCUI2020_train/image/4781.PNG,E:\MedicalData\TNSCUI2020\TNSCUI2020_train/mask/4781.PNG
E:\MedicalData\TNSCUI2020\TNSCUI2020_train/image/4783.PNG,E:\MedicalData\TNSCUI2020\TNSCUI2020_train/mask/4783.PNG
E:\MedicalData\TNSCUI2020\TNSCUI2020_train/image/479.PNG,E:\MedicalData\TNSCUI2020\TNSCUI2020_train/mask/479.PNG
E:\MedicalData\TNSCUI2020\TNSCUI2020_train/image/4791.PNG,E:\MedicalData\TNSCUI2020\TNSCUI2020_train/mask/4791.PNG
E:\MedicalData\TNSCUI2020\TNSCUI2020_train/image/4808.PNG,E:\MedicalData\TNSCUI2020\TNSCUI2020_train/mask/4808.PNG
E:\MedicalData\TNSCUI2020\TNSCUI2020_train/image/4820.PNG,E:\MedicalData\TNSCUI2020\TNSCUI2020_train/mask/4820.PNG
E:\MedicalData\TNSCUI2020\TNSCUI2020_train/image/485.PNG,E:\MedicalData\TNSCUI2020\TNSCUI2020_train/mask/485.PNG
E:\MedicalData\TNSCUI2020\TNSCUI2020_train/image/4862.PNG,E:\MedicalData\TNSCUI2020\TNSCUI2020_train/mask/4862.PNG
E:\MedicalData\TNSCUI2020\TNSCUI2020_train/image/4866.PNG,E:\MedicalData\TNSCUI2020\TNSCUI2020_train/mask/4866.PNG
E:\MedicalData\TNSCUI2020\TNSCUI2020_train/image/4869.PNG,E:\MedicalData\TNSCUI2020\TNSCUI2020_train/mask/4869.PNG
E:\MedicalData\TNSCUI2020\TNSCUI2020_train/image/489.PNG,E:\MedicalData\TNSCUI2020\TNSCUI2020_train/mask/489.PNG
E:\MedicalData\TNSCUI2020\TNSCUI2020_train/image/4958.PNG,E:\MedicalData\TNSCUI2020\TNSCUI2020_train/mask/4958.PNG
E:\MedicalData\TNSCUI2020\TNSCUI2020_train/image/5024.PNG,E:\MedicalData\TNSCUI2020\TNSCUI2020_train/mask/5024.PNG
E:\MedicalData\TNSCUI2020\TNSCUI2020_train/image/507.PNG,E:\MedicalData\TNSCUI2020\TNSCUI2020_train/mask/507.PNG
E:\MedicalData\TNSCUI2020\TNSCUI2020_train/image/5145.PNG,E:\MedicalData\TNSCUI2020\TNSCUI2020_train/mask/5145.PNG
E:\MedicalData\TNSCUI2020\TNSCUI2020_train/image/5149.PNG,E:\MedicalData\TNSCUI2020\TNSCUI2020_train/mask/5149.PNG
E:\MedicalData\TNSCUI2020\TNSCUI2020_train/image/5153.PNG,E:\MedicalData\TNSCUI2020\TNSCUI2020_train/mask/5153.PNG
E:\MedicalData\TNSCUI2020\TNSCUI2020_train/image/5156.PNG,E:\MedicalData\TNSCUI2020\TNSCUI2020_train/mask/5156.PNG
E:\MedicalData\TNSCUI2020\TNSCUI2020_train/image/517.PNG,E:\MedicalData\TNSCUI2020\TNSCUI2020_train/mask/517.PNG
E:\MedicalData\TNSCUI2020\TNSCUI2020_train/image/5176.PNG,E:\MedicalData\TNSCUI2020\TNSCUI2020_train/mask/5176.PNG
E:\MedicalData\TNSCUI2020\TNSCUI2020_train/image/5187.PNG,E:\MedicalData\TNSCUI2020\TNSCUI2020_train/mask/5187.PNG
E:\MedicalData\TNSCUI2020\TNSCUI2020_train/image/5212.PNG,E:\MedicalData\TNSCUI2020\TNSCUI2020_train/mask/5212.PNG
E:\MedicalData\TNSCUI2020\TNSCUI2020_train/image/5214.PNG,E:\MedicalData\TNSCUI2020\TNSCUI2020_train/mask/5214.PNG
E:\MedicalData\TNSCUI2020\TNSCUI2020_train/image/5216.PNG,E:\MedicalData\TNSCUI2020\TNSCUI2020_train/mask/5216.PNG
E:\MedicalData\TNSCUI2020\TNSCUI2020_train/image/5222.PNG,E:\MedicalData\TNSCUI2020\TNSCUI2020_train/mask/5222.PNG
E:\MedicalData\TNSCUI2020\TNSCUI2020_train/image/5227.PNG,E:\MedicalData\TNSCUI2020\TNSCUI2020_train/mask/5227.PNG
E:\MedicalData\TNSCUI2020\TNSCUI2020_train/image/5229.PNG,E:\MedicalData\TNSCUI2020\TNSCUI2020_train/mask/5229.PNG
E:\MedicalData\TNSCUI2020\TNSCUI2020_train/image/5247.PNG,E:\MedicalData\TNSCUI2020\TNSCUI2020_train/mask/5247.PNG
E:\MedicalData\TNSCUI2020\TNSCUI2020_train/image/5249.PNG,E:\MedicalData\TNSCUI2020\TNSCUI2020_train/mask/5249.PNG
E:\MedicalData\TNSCUI2020\TNSCUI2020_train/image/5255.PNG,E:\MedicalData\TNSCUI2020\TNSCUI2020_train/mask/5255.PNG
E:\MedicalData\TNSCUI2020\TNSCUI2020_train/image/5265.PNG,E:\MedicalData\TNSCUI2020\TNSCUI2020_train/mask/5265.PNG
E:\MedicalData\TNSCUI2020\TNSCUI2020_train/image/528.PNG,E:\MedicalData\TNSCUI2020\TNSCUI2020_train/mask/528.PNG
E:\MedicalData\TNSCUI2020\TNSCUI2020_train/image/5288.PNG,E:\MedicalData\TNSCUI2020\TNSCUI2020_train/mask/5288.PNG
E:\MedicalData\TNSCUI2020\TNSCUI2020_train/image/5292.PNG,E:\MedicalData\TNSCUI2020\TNSCUI2020_train/mask/5292.PNG
E:\MedicalData\TNSCUI2020\TNSCUI2020_train/image/5326.PNG,E:\MedicalData\TNSCUI2020\TNSCUI2020_train/mask/5326.PNG
E:\MedicalData\TNSCUI2020\TNSCUI2020_train/image/5342.PNG,E:\MedicalData\TNSCUI2020\TNSCUI2020_train/mask/5342.PNG
E:\MedicalData\TNSCUI2020\TNSCUI2020_train/image/5346.PNG,E:\MedicalData\TNSCUI2020\TNSCUI2020_train/mask/5346.PNG
E:\MedicalData\TNSCUI2020\TNSCUI2020_train/image/5380.PNG,E:\MedicalData\TNSCUI2020\TNSCUI2020_train/mask/5380.PNG
E:\MedicalData\TNSCUI2020\TNSCUI2020_train/image/5388.PNG,E:\MedicalData\TNSCUI2020\TNSCUI2020_train/mask/5388.PNG
E:\MedicalData\TNSCUI2020\TNSCUI2020_train/image/5412.PNG,E:\MedicalData\TNSCUI2020\TNSCUI2020_train/mask/5412.PNG
E:\MedicalData\TNSCUI2020\TNSCUI2020_train/image/5418.PNG,E:\MedicalData\TNSCUI2020\TNSCUI2020_train/mask/5418.PNG
E:\MedicalData\TNSCUI2020\TNSCUI2020_train/image/5426.PNG,E:\MedicalData\TNSCUI2020\TNSCUI2020_train/mask/5426.PNG
E:\MedicalData\TNSCUI2020\TNSCUI2020_train/image/5452.PNG,E:\MedicalData\TNSCUI2020\TNSCUI2020_train/mask/5452.PNG
E:\MedicalData\TNSCUI2020\TNSCUI2020_train/image/5456.PNG,E:\MedicalData\TNSCUI2020\TNSCUI2020_train/mask/5456.PNG
E:\MedicalData\TNSCUI2020\TNSCUI2020_train/image/5458.PNG,E:\MedicalData\TNSCUI2020\TNSCUI2020_train/mask/5458.PNG
E:\MedicalData\TNSCUI2020\TNSCUI2020_train/image/5460.PNG,E:\MedicalData\TNSCUI2020\TNSCUI2020_train/mask/5460.PNG
E:\MedicalData\TNSCUI2020\TNSCUI2020_train/image/547.PNG,E:\MedicalData\TNSCUI2020\TNSCUI2020_train/mask/547.PNG
E:\MedicalData\TNSCUI2020\TNSCUI2020_train/image/5484.PNG,E:\MedicalData\TNSCUI2020\TNSCUI2020_train/mask/5484.PNG
E:\MedicalData\TNSCUI2020\TNSCUI2020_train/image/55.PNG,E:\MedicalData\TNSCUI2020\TNSCUI2020_train/mask/55.PNG
E:\MedicalData\TNSCUI2020\TNSCUI2020_train/image/5524.PNG,E:\MedicalData\TNSCUI2020\TNSCUI2020_train/mask/5524.PNG
E:\MedicalData\TNSCUI2020\TNSCUI2020_train/image/553.PNG,E:\MedicalData\TNSCUI2020\TNSCUI2020_train/mask/553.PNG
E:\MedicalData\TNSCUI2020\TNSCUI2020_train/image/5532.PNG,E:\MedicalData\TNSCUI2020\TNSCUI2020_train/mask/5532.PNG
E:\MedicalData\TNSCUI2020\TNSCUI2020_train/image/5546.PNG,E:\MedicalData\TNSCUI2020\TNSCUI2020_train/mask/5546.PNG
E:\MedicalData\TNSCUI2020\TNSCUI2020_train/image/5558.PNG,E:\MedicalData\TNSCUI2020\TNSCUI2020_train/mask/5558.PNG
E:\MedicalData\TNSCUI2020\TNSCUI2020_train/image/5560.PNG,E:\MedicalData\TNSCUI2020\TNSCUI2020_train/mask/5560.PNG
E:\MedicalData\TNSCUI2020\TNSCUI2020_train/image/5564.PNG,E:\MedicalData\TNSCUI2020\TNSCUI2020_train/mask/5564.PNG
E:\MedicalData\TNSCUI2020\TNSCUI2020_train/image/5574.PNG,E:\MedicalData\TNSCUI2020\TNSCUI2020_train/mask/5574.PNG
E:\MedicalData\TNSCUI2020\TNSCUI2020_train/image/5597.PNG,E:\MedicalData\TNSCUI2020\TNSCUI2020_train/mask/5597.PNG
E:\MedicalData\TNSCUI2020\TNSCUI2020_train/image/561.PNG,E:\MedicalData\TNSCUI2020\TNSCUI2020_train/mask/561.PNG
E:\MedicalData\TNSCUI2020\TNSCUI2020_train/image/563.PNG,E:\MedicalData\TNSCUI2020\TNSCUI2020_train/mask/563.PNG
E:\MedicalData\TNSCUI2020\TNSCUI2020_train/image/5632.PNG,E:\MedicalData\TNSCUI2020\TNSCUI2020_train/mask/5632.PNG
E:\MedicalData\TNSCUI2020\TNSCUI2020_train/image/5643.PNG,E:\MedicalData\TNSCUI2020\TNSCUI2020_train/mask/5643.PNG
E:\MedicalData\TNSCUI2020\TNSCUI2020_train/image/565.PNG,E:\MedicalData\TNSCUI2020\TNSCUI2020_train/mask/565.PNG
E:\MedicalData\TNSCUI2020\TNSCUI2020_train/image/5658.PNG,E:\MedicalData\TNSCUI2020\TNSCUI2020_train/mask/5658.PNG
E:\MedicalData\TNSCUI2020\TNSCUI2020_train/image/5670.PNG,E:\MedicalData\TNSCUI2020\TNSCUI2020_train/mask/5670.PNG
E:\MedicalData\TNSCUI2020\TNSCUI2020_train/image/5674.PNG,E:\MedicalData\TNSCUI2020\TNSCUI2020_train/mask/5674.PNG
E:\MedicalData\TNSCUI2020\TNSCUI2020_train/image/57.PNG,E:\MedicalData\TNSCUI2020\TNSCUI2020_train/mask/57.PNG
E:\MedicalData\TNSCUI2020\TNSCUI2020_train/image/5732.PNG,E:\MedicalData\TNSCUI2020\TNSCUI2020_train/mask/5732.PNG
E:\MedicalData\TNSCUI2020\TNSCUI2020_train/image/5748.PNG,E:\MedicalData\TNSCUI2020\TNSCUI2020_train/mask/5748.PNG
E:\MedicalData\TNSCUI2020\TNSCUI2020_train/image/5751.PNG,E:\MedicalData\TNSCUI2020\TNSCUI2020_train/mask/5751.PNG
E:\MedicalData\TNSCUI2020\TNSCUI2020_train/image/5755.PNG,E:\MedicalData\TNSCUI2020\TNSCUI2020_train/mask/5755.PNG
E:\MedicalData\TNSCUI2020\TNSCUI2020_train/image/5757.PNG,E:\MedicalData\TNSCUI2020\TNSCUI2020_train/mask/5757.PNG
E:\MedicalData\TNSCUI2020\TNSCUI2020_train/image/5773.PNG,E:\MedicalData\TNSCUI2020\TNSCUI2020_train/mask/5773.PNG
E:\MedicalData\TNSCUI2020\TNSCUI2020_train/image/5781.PNG,E:\MedicalData\TNSCUI2020\TNSCUI2020_train/mask/5781.PNG
E:\MedicalData\TNSCUI2020\TNSCUI2020_train/image/5787.PNG,E:\MedicalData\TNSCUI2020\TNSCUI2020_train/mask/5787.PNG
E:\MedicalData\TNSCUI2020\TNSCUI2020_train/image/579.PNG,E:\MedicalData\TNSCUI2020\TNSCUI2020_train/mask/579.PNG
E:\MedicalData\TNSCUI2020\TNSCUI2020_train/image/5793.PNG,E:\MedicalData\TNSCUI2020\TNSCUI2020_train/mask/5793.PNG
E:\MedicalData\TNSCUI2020\TNSCUI2020_train/image/5795.PNG,E:\MedicalData\TNSCUI2020\TNSCUI2020_train/mask/5795.PNG
E:\MedicalData\TNSCUI2020\TNSCUI2020_train/image/5799.PNG,E:\MedicalData\TNSCUI2020\TNSCUI2020_train/mask/5799.PNG
E:\MedicalData\TNSCUI2020\TNSCUI2020_train/image/583.PNG,E:\MedicalData\TNSCUI2020\TNSCUI2020_train/mask/583.PNG
E:\MedicalData\TNSCUI2020\TNSCUI2020_train/image/5836.PNG,E:\MedicalData\TNSCUI2020\TNSCUI2020_train/mask/5836.PNG
E:\MedicalData\TNSCUI2020\TNSCUI2020_train/image/5850.PNG,E:\MedicalData\TNSCUI2020\TNSCUI2020_train/mask/5850.PNG
E:\MedicalData\TNSCUI2020\TNSCUI2020_train/image/5856.PNG,E:\MedicalData\TNSCUI2020\TNSCUI2020_train/mask/5856.PNG
E:\MedicalData\TNSCUI2020\TNSCUI2020_train/image/5860.PNG,E:\MedicalData\TNSCUI2020\TNSCUI2020_train/mask/5860.PNG
E:\MedicalData\TNSCUI2020\TNSCUI2020_train/image/5866.PNG,E:\MedicalData\TNSCUI2020\TNSCUI2020_train/mask/5866.PNG
E:\MedicalData\TNSCUI2020\TNSCUI2020_train/image/5885.PNG,E:\MedicalData\TNSCUI2020\TNSCUI2020_train/mask/5885.PNG
E:\MedicalData\TNSCUI2020\TNSCUI2020_train/image/5895.PNG,E:\MedicalData\TNSCUI2020\TNSCUI2020_train/mask/5895.PNG
E:\MedicalData\TNSCUI2020\TNSCUI2020_train/image/5926.PNG,E:\MedicalData\TNSCUI2020\TNSCUI2020_train/mask/5926.PNG
E:\MedicalData\TNSCUI2020\TNSCUI2020_train/image/593.PNG,E:\MedicalData\TNSCUI2020\TNSCUI2020_train/mask/593.PNG
E:\MedicalData\TNSCUI2020\TNSCUI2020_train/image/5930.PNG,E:\MedicalData\TNSCUI2020\TNSCUI2020_train/mask/5930.PNG
E:\MedicalData\TNSCUI2020\TNSCUI2020_train/image/5956.PNG,E:\MedicalData\TNSCUI2020\TNSCUI2020_train/mask/5956.PNG
E:\MedicalData\TNSCUI2020\TNSCUI2020_train/image/5958.PNG,E:\MedicalData\TNSCUI2020\TNSCUI2020_train/mask/5958.PNG
E:\MedicalData\TNSCUI2020\TNSCUI2020_train/image/5960.PNG,E:\MedicalData\TNSCUI2020\TNSCUI2020_train/mask/5960.PNG
E:\MedicalData\TNSCUI2020\TNSCUI2020_train/image/5967.PNG,E:\MedicalData\TNSCUI2020\TNSCUI2020_train/mask/5967.PNG
E:\MedicalData\TNSCUI2020\TNSCUI2020_train/image/5981.PNG,E:\MedicalData\TNSCUI2020\TNSCUI2020_train/mask/5981.PNG
E:\MedicalData\TNSCUI2020\TNSCUI2020_train/image/6008.PNG,E:\MedicalData\TNSCUI2020\TNSCUI2020_train/mask/6008.PNG
E:\MedicalData\TNSCUI2020\TNSCUI2020_train/image/6014.PNG,E:\MedicalData\TNSCUI2020\TNSCUI2020_train/mask/6014.PNG
E:\MedicalData\TNSCUI2020\TNSCUI2020_train/image/6018.PNG,E:\MedicalData\TNSCUI2020\TNSCUI2020_train/mask/6018.PNG
E:\MedicalData\TNSCUI2020\TNSCUI2020_train/image/6025.PNG,E:\MedicalData\TNSCUI2020\TNSCUI2020_train/mask/6025.PNG
E:\MedicalData\TNSCUI2020\TNSCUI2020_train/image/605.PNG,E:\MedicalData\TNSCUI2020\TNSCUI2020_train/mask/605.PNG
E:\MedicalData\TNSCUI2020\TNSCUI2020_train/image/6077.PNG,E:\MedicalData\TNSCUI2020\TNSCUI2020_train/mask/6077.PNG
E:\MedicalData\TNSCUI2020\TNSCUI2020_train/image/6083.PNG,E:\MedicalData\TNSCUI2020\TNSCUI2020_train/mask/6083.PNG
E:\MedicalData\TNSCUI2020\TNSCUI2020_train/image/6089.PNG,E:\MedicalData\TNSCUI2020\TNSCUI2020_train/mask/6089.PNG
E:\MedicalData\TNSCUI2020\TNSCUI2020_train/image/6095.PNG,E:\MedicalData\TNSCUI2020\TNSCUI2020_train/mask/6095.PNG
E:\MedicalData\TNSCUI2020\TNSCUI2020_train/image/6107.PNG,E:\MedicalData\TNSCUI2020\TNSCUI2020_train/mask/6107.PNG
E:\MedicalData\TNSCUI2020\TNSCUI2020_train/image/6117.PNG,E:\MedicalData\TNSCUI2020\TNSCUI2020_train/mask/6117.PNG
E:\MedicalData\TNSCUI2020\TNSCUI2020_train/image/6119.PNG,E:\MedicalData\TNSCUI2020\TNSCUI2020_train/mask/6119.PNG
E:\MedicalData\TNSCUI2020\TNSCUI2020_train/image/6123.PNG,E:\MedicalData\TNSCUI2020\TNSCUI2020_train/mask/6123.PNG
E:\MedicalData\TNSCUI2020\TNSCUI2020_train/image/6125.PNG,E:\MedicalData\TNSCUI2020\TNSCUI2020_train/mask/6125.PNG
E:\MedicalData\TNSCUI2020\TNSCUI2020_train/image/6127.PNG,E:\MedicalData\TNSCUI2020\TNSCUI2020_train/mask/6127.PNG
E:\MedicalData\TNSCUI2020\TNSCUI2020_train/image/6141.PNG,E:\MedicalData\TNSCUI2020\TNSCUI2020_train/mask/6141.PNG
E:\MedicalData\TNSCUI2020\TNSCUI2020_train/image/615.PNG,E:\MedicalData\TNSCUI2020\TNSCUI2020_train/mask/615.PNG
E:\MedicalData\TNSCUI2020\TNSCUI2020_train/image/6151.PNG,E:\MedicalData\TNSCUI2020\TNSCUI2020_train/mask/6151.PNG
E:\MedicalData\TNSCUI2020\TNSCUI2020_train/image/6161.PNG,E:\MedicalData\TNSCUI2020\TNSCUI2020_train/mask/6161.PNG
E:\MedicalData\TNSCUI2020\TNSCUI2020_train/image/6169.PNG,E:\MedicalData\TNSCUI2020\TNSCUI2020_train/mask/6169.PNG
E:\MedicalData\TNSCUI2020\TNSCUI2020_train/image/6171.PNG,E:\MedicalData\TNSCUI2020\TNSCUI2020_train/mask/6171.PNG
E:\MedicalData\TNSCUI2020\TNSCUI2020_train/image/6187.PNG,E:\MedicalData\TNSCUI2020\TNSCUI2020_train/mask/6187.PNG
E:\MedicalData\TNSCUI2020\TNSCUI2020_train/image/6189.PNG,E:\MedicalData\TNSCUI2020\TNSCUI2020_train/mask/6189.PNG
E:\MedicalData\TNSCUI2020\TNSCUI2020_train/image/619.PNG,E:\MedicalData\TNSCUI2020\TNSCUI2020_train/mask/619.PNG
E:\MedicalData\TNSCUI2020\TNSCUI2020_train/image/6195.PNG,E:\MedicalData\TNSCUI2020\TNSCUI2020_train/mask/6195.PNG
E:\MedicalData\TNSCUI2020\TNSCUI2020_train/image/6199.PNG,E:\MedicalData\TNSCUI2020\TNSCUI2020_train/mask/6199.PNG
E:\MedicalData\TNSCUI2020\TNSCUI2020_train/image/621.PNG,E:\MedicalData\TNSCUI2020\TNSCUI2020_train/mask/621.PNG
E:\MedicalData\TNSCUI2020\TNSCUI2020_train/image/6217.PNG,E:\MedicalData\TNSCUI2020\TNSCUI2020_train/mask/6217.PNG
E:\MedicalData\TNSCUI2020\TNSCUI2020_train/image/6235.PNG,E:\MedicalData\TNSCUI2020\TNSCUI2020_train/mask/6235.PNG
E:\MedicalData\TNSCUI2020\TNSCUI2020_train/image/6248.PNG,E:\MedicalData\TNSCUI2020\TNSCUI2020_train/mask/6248.PNG
E:\MedicalData\TNSCUI2020\TNSCUI2020_train/image/6263.PNG,E:\MedicalData\TNSCUI2020\TNSCUI2020_train/mask/6263.PNG
E:\MedicalData\TNSCUI2020\TNSCUI2020_train/image/6280.PNG,E:\MedicalData\TNSCUI2020\TNSCUI2020_train/mask/6280.PNG
E:\MedicalData\TNSCUI2020\TNSCUI2020_train/image/6295.PNG,E:\MedicalData\TNSCUI2020\TNSCUI2020_train/mask/6295.PNG
E:\MedicalData\TNSCUI2020\TNSCUI2020_train/image/6306.PNG,E:\MedicalData\TNSCUI2020\TNSCUI2020_train/mask/6306.PNG
E:\MedicalData\TNSCUI2020\TNSCUI2020_train/image/6339.PNG,E:\MedicalData\TNSCUI2020\TNSCUI2020_train/mask/6339.PNG
E:\MedicalData\TNSCUI2020\TNSCUI2020_train/image/6359.PNG,E:\MedicalData\TNSCUI2020\TNSCUI2020_train/mask/6359.PNG
E:\MedicalData\TNSCUI2020\TNSCUI2020_train/image/6365.PNG,E:\MedicalData\TNSCUI2020\TNSCUI2020_train/mask/6365.PNG
E:\MedicalData\TNSCUI2020\TNSCUI2020_train/image/6409.PNG,E:\MedicalData\TNSCUI2020\TNSCUI2020_train/mask/6409.PNG
E:\MedicalData\TNSCUI2020\TNSCUI2020_train/image/643.PNG,E:\MedicalData\TNSCUI2020\TNSCUI2020_train/mask/643.PNG
E:\MedicalData\TNSCUI2020\TNSCUI2020_train/image/6437.PNG,E:\MedicalData\TNSCUI2020\TNSCUI2020_train/mask/6437.PNG
E:\MedicalData\TNSCUI2020\TNSCUI2020_train/image/6441.PNG,E:\MedicalData\TNSCUI2020\TNSCUI2020_train/mask/6441.PNG
E:\MedicalData\TNSCUI2020\TNSCUI2020_train/image/645.PNG,E:\MedicalData\TNSCUI2020\TNSCUI2020_train/mask/645.PNG
E:\MedicalData\TNSCUI2020\TNSCUI2020_train/image/6462.PNG,E:\MedicalData\TNSCUI2020\TNSCUI2020_train/mask/6462.PNG
E:\MedicalData\TNSCUI2020\TNSCUI2020_train/image/6466.PNG,E:\MedicalData\TNSCUI2020\TNSCUI2020_train/mask/6466.PNG
E:\MedicalData\TNSCUI2020\TNSCUI2020_train/image/6469.PNG,E:\MedicalData\TNSCUI2020\TNSCUI2020_train/mask/6469.PNG
E:\MedicalData\TNSCUI2020\TNSCUI2020_train/image/6487.PNG,E:\MedicalData\TNSCUI2020\TNSCUI2020_train/mask/6487.PNG
E:\MedicalData\TNSCUI2020\TNSCUI2020_train/image/6560.PNG,E:\MedicalData\TNSCUI2020\TNSCUI2020_train/mask/6560.PNG
E:\MedicalData\TNSCUI2020\TNSCUI2020_train/image/6576.PNG,E:\MedicalData\TNSCUI2020\TNSCUI2020_train/mask/6576.PNG
E:\MedicalData\TNSCUI2020\TNSCUI2020_train/image/6594.PNG,E:\MedicalData\TNSCUI2020\TNSCUI2020_train/mask/6594.PNG
E:\MedicalData\TNSCUI2020\TNSCUI2020_train/image/6607.PNG,E:\MedicalData\TNSCUI2020\TNSCUI2020_train/mask/6607.PNG
E:\MedicalData\TNSCUI2020\TNSCUI2020_train/image/661.PNG,E:\MedicalData\TNSCUI2020\TNSCUI2020_train/mask/661.PNG
E:\MedicalData\TNSCUI2020\TNSCUI2020_train/image/6626.PNG,E:\MedicalData\TNSCUI2020\TNSCUI2020_train/mask/6626.PNG
E:\MedicalData\TNSCUI2020\TNSCUI2020_train/image/6637.PNG,E:\MedicalData\TNSCUI2020\TNSCUI2020_train/mask/6637.PNG
E:\MedicalData\TNSCUI2020\TNSCUI2020_train/image/6645.PNG,E:\MedicalData\TNSCUI2020\TNSCUI2020_train/mask/6645.PNG
E:\MedicalData\TNSCUI2020\TNSCUI2020_train/image/6657.PNG,E:\MedicalData\TNSCUI2020\TNSCUI2020_train/mask/6657.PNG
E:\MedicalData\TNSCUI2020\TNSCUI2020_train/image/666.PNG,E:\MedicalData\TNSCUI2020\TNSCUI2020_train/mask/666.PNG
E:\MedicalData\TNSCUI2020\TNSCUI2020_train/image/668.PNG,E:\MedicalData\TNSCUI2020\TNSCUI2020_train/mask/668.PNG
E:\MedicalData\TNSCUI2020\TNSCUI2020_train/image/6684.PNG,E:\MedicalData\TNSCUI2020\TNSCUI2020_train/mask/6684.PNG
E:\MedicalData\TNSCUI2020\TNSCUI2020_train/image/6718.PNG,E:\MedicalData\TNSCUI2020\TNSCUI2020_train/mask/6718.PNG
E:\MedicalData\TNSCUI2020\TNSCUI2020_train/image/6736.PNG,E:\MedicalData\TNSCUI2020\TNSCUI2020_train/mask/6736.PNG
E:\MedicalData\TNSCUI2020\TNSCUI2020_train/image/6750.PNG,E:\MedicalData\TNSCUI2020\TNSCUI2020_train/mask/6750.PNG
E:\MedicalData\TNSCUI2020\TNSCUI2020_train/image/6752.PNG,E:\MedicalData\TNSCUI2020\TNSCUI2020_train/mask/6752.PNG
E:\MedicalData\TNSCUI2020\TNSCUI2020_train/image/6754.PNG,E:\MedicalData\TNSCUI2020\TNSCUI2020_train/mask/6754.PNG
E:\MedicalData\TNSCUI2020\TNSCUI2020_train/image/6758.PNG,E:\MedicalData\TNSCUI2020\TNSCUI2020_train/mask/6758.PNG
E:\MedicalData\TNSCUI2020\TNSCUI2020_train/image/6760.PNG,E:\MedicalData\TNSCUI2020\TNSCUI2020_train/mask/6760.PNG
E:\MedicalData\TNSCUI2020\TNSCUI2020_train/image/6768.PNG,E:\MedicalData\TNSCUI2020\TNSCUI2020_train/mask/6768.PNG
E:\MedicalData\TNSCUI2020\TNSCUI2020_train/image/6798.PNG,E:\MedicalData\TNSCUI2020\TNSCUI2020_train/mask/6798.PNG
E:\MedicalData\TNSCUI2020\TNSCUI2020_train/image/6804.PNG,E:\MedicalData\TNSCUI2020\TNSCUI2020_train/mask/6804.PNG
E:\MedicalData\TNSCUI2020\TNSCUI2020_train/image/6806.PNG,E:\MedicalData\TNSCUI2020\TNSCUI2020_train/mask/6806.PNG
E:\MedicalData\TNSCUI2020\TNSCUI2020_train/image/6808.PNG,E:\MedicalData\TNSCUI2020\TNSCUI2020_train/mask/6808.PNG
E:\MedicalData\TNSCUI2020\TNSCUI2020_train/image/6826.PNG,E:\MedicalData\TNSCUI2020\TNSCUI2020_train/mask/6826.PNG
E:\MedicalData\TNSCUI2020\TNSCUI2020_train/image/6836.PNG,E:\MedicalData\TNSCUI2020\TNSCUI2020_train/mask/6836.PNG
E:\MedicalData\TNSCUI2020\TNSCUI2020_train/image/684.PNG,E:\MedicalData\TNSCUI2020\TNSCUI2020_train/mask/684.PNG
E:\MedicalData\TNSCUI2020\TNSCUI2020_train/image/6865.PNG,E:\MedicalData\TNSCUI2020\TNSCUI2020_train/mask/6865.PNG
E:\MedicalData\TNSCUI2020\TNSCUI2020_train/image/6871.PNG,E:\MedicalData\TNSCUI2020\TNSCUI2020_train/mask/6871.PNG
E:\MedicalData\TNSCUI2020\TNSCUI2020_train/image/6893.PNG,E:\MedicalData\TNSCUI2020\TNSCUI2020_train/mask/6893.PNG
E:\MedicalData\TNSCUI2020\TNSCUI2020_train/image/6903.PNG,E:\MedicalData\TNSCUI2020\TNSCUI2020_train/mask/6903.PNG
E:\MedicalData\TNSCUI2020\TNSCUI2020_train/image/6918.PNG,E:\MedicalData\TNSCUI2020\TNSCUI2020_train/mask/6918.PNG
E:\MedicalData\TNSCUI2020\TNSCUI2020_train/image/6942.PNG,E:\MedicalData\TNSCUI2020\TNSCUI2020_train/mask/6942.PNG
E:\MedicalData\TNSCUI2020\TNSCUI2020_train/image/6954.PNG,E:\MedicalData\TNSCUI2020\TNSCUI2020_train/mask/6954.PNG
E:\MedicalData\TNSCUI2020\TNSCUI2020_train/image/6966.PNG,E:\MedicalData\TNSCUI2020\TNSCUI2020_train/mask/6966.PNG
E:\MedicalData\TNSCUI2020\TNSCUI2020_train/image/6996.PNG,E:\MedicalData\TNSCUI2020\TNSCUI2020_train/mask/6996.PNG
E:\MedicalData\TNSCUI2020\TNSCUI2020_train/image/7011.PNG,E:\MedicalData\TNSCUI2020\TNSCUI2020_train/mask/7011.PNG
E:\MedicalData\TNSCUI2020\TNSCUI2020_train/image/7045.PNG,E:\MedicalData\TNSCUI2020\TNSCUI2020_train/mask/7045.PNG
E:\MedicalData\TNSCUI2020\TNSCUI2020_train/image/7073.PNG,E:\MedicalData\TNSCUI2020\TNSCUI2020_train/mask/7073.PNG
E:\MedicalData\TNSCUI2020\TNSCUI2020_train/image/7081.PNG,E:\MedicalData\TNSCUI2020\TNSCUI2020_train/mask/7081.PNG
E:\MedicalData\TNSCUI2020\TNSCUI2020_train/image/7099.PNG,E:\MedicalData\TNSCUI2020\TNSCUI2020_train/mask/7099.PNG
E:\MedicalData\TNSCUI2020\TNSCUI2020_train/image/7116.PNG,E:\MedicalData\TNSCUI2020\TNSCUI2020_train/mask/7116.PNG
E:\MedicalData\TNSCUI2020\TNSCUI2020_train/image/7139.PNG,E:\MedicalData\TNSCUI2020\TNSCUI2020_train/mask/7139.PNG
E:\MedicalData\TNSCUI2020\TNSCUI2020_train/image/7141.PNG,E:\MedicalData\TNSCUI2020\TNSCUI2020_train/mask/7141.PNG
E:\MedicalData\TNSCUI2020\TNSCUI2020_train/image/7157.PNG,E:\MedicalData\TNSCUI2020\TNSCUI2020_train/mask/7157.PNG
E:\MedicalData\TNSCUI2020\TNSCUI2020_train/image/7163.PNG,E:\MedicalData\TNSCUI2020\TNSCUI2020_train/mask/7163.PNG
E:\MedicalData\TNSCUI2020\TNSCUI2020_train/image/7184.PNG,E:\MedicalData\TNSCUI2020\TNSCUI2020_train/mask/7184.PNG
E:\MedicalData\TNSCUI2020\TNSCUI2020_train/image/7186.PNG,E:\MedicalData\TNSCUI2020\TNSCUI2020_train/mask/7186.PNG
E:\MedicalData\TNSCUI2020\TNSCUI2020_train/image/7197.PNG,E:\MedicalData\TNSCUI2020\TNSCUI2020_train/mask/7197.PNG
E:\MedicalData\TNSCUI2020\TNSCUI2020_train/image/7200.PNG,E:\MedicalData\TNSCUI2020\TNSCUI2020_train/mask/7200.PNG
E:\MedicalData\TNSCUI2020\TNSCUI2020_train/image/7205.PNG,E:\MedicalData\TNSCUI2020\TNSCUI2020_train/mask/7205.PNG
E:\MedicalData\TNSCUI2020\TNSCUI2020_train/image/7209.PNG,E:\MedicalData\TNSCUI2020\TNSCUI2020_train/mask/7209.PNG
E:\MedicalData\TNSCUI2020\TNSCUI2020_train/image/7225.PNG,E:\MedicalData\TNSCUI2020\TNSCUI2020_train/mask/7225.PNG
E:\MedicalData\TNSCUI2020\TNSCUI2020_train/image/7230.PNG,E:\MedicalData\TNSCUI2020\TNSCUI2020_train/mask/7230.PNG
E:\MedicalData\TNSCUI2020\TNSCUI2020_train/image/7248.PNG,E:\MedicalData\TNSCUI2020\TNSCUI2020_train/mask/7248.PNG
E:\MedicalData\TNSCUI2020\TNSCUI2020_train/image/7261.PNG,E:\MedicalData\TNSCUI2020\TNSCUI2020_train/mask/7261.PNG
E:\MedicalData\TNSCUI2020\TNSCUI2020_train/image/7270.PNG,E:\MedicalData\TNSCUI2020\TNSCUI2020_train/mask/7270.PNG
E:\MedicalData\TNSCUI2020\TNSCUI2020_train/image/7292.PNG,E:\MedicalData\TNSCUI2020\TNSCUI2020_train/mask/7292.PNG
E:\MedicalData\TNSCUI2020\TNSCUI2020_train/image/730.PNG,E:\MedicalData\TNSCUI2020\TNSCUI2020_train/mask/730.PNG
E:\MedicalData\TNSCUI2020\TNSCUI2020_train/image/7322.PNG,E:\MedicalData\TNSCUI2020\TNSCUI2020_train/mask/7322.PNG
E:\MedicalData\TNSCUI2020\TNSCUI2020_train/image/7353.PNG,E:\MedicalData\TNSCUI2020\TNSCUI2020_train/mask/7353.PNG
E:\MedicalData\TNSCUI2020\TNSCUI2020_train/image/741.PNG,E:\MedicalData\TNSCUI2020\TNSCUI2020_train/mask/741.PNG
E:\MedicalData\TNSCUI2020\TNSCUI2020_train/image/747.PNG,E:\MedicalData\TNSCUI2020\TNSCUI2020_train/mask/747.PNG
E:\MedicalData\TNSCUI2020\TNSCUI2020_train/image/7563.PNG,E:\MedicalData\TNSCUI2020\TNSCUI2020_train/mask/7563.PNG
E:\MedicalData\TNSCUI2020\TNSCUI2020_train/image/7602.PNG,E:\MedicalData\TNSCUI2020\TNSCUI2020_train/mask/7602.PNG
E:\MedicalData\TNSCUI2020\TNSCUI2020_train/image/7613.PNG,E:\MedicalData\TNSCUI2020\TNSCUI2020_train/mask/7613.PNG
E:\MedicalData\TNSCUI2020\TNSCUI2020_train/image/7617.PNG,E:\MedicalData\TNSCUI2020\TNSCUI2020_train/mask/7617.PNG
E:\MedicalData\TNSCUI2020\TNSCUI2020_train/image/7623.PNG,E:\MedicalData\TNSCUI2020\TNSCUI2020_train/mask/7623.PNG
E:\MedicalData\TNSCUI2020\TNSCUI2020_train/image/7631.PNG,E:\MedicalData\TNSCUI2020\TNSCUI2020_train/mask/7631.PNG
E:\MedicalData\TNSCUI2020\TNSCUI2020_train/image/7639.PNG,E:\MedicalData\TNSCUI2020\TNSCUI2020_train/mask/7639.PNG
E:\MedicalData\TNSCUI2020\TNSCUI2020_train/image/7644.PNG,E:\MedicalData\TNSCUI2020\TNSCUI2020_train/mask/7644.PNG
E:\MedicalData\TNSCUI2020\TNSCUI2020_train/image/7670.PNG,E:\MedicalData\TNSCUI2020\TNSCUI2020_train/mask/7670.PNG
E:\MedicalData\TNSCUI2020\TNSCUI2020_train/image/7674.PNG,E:\MedicalData\TNSCUI2020\TNSCUI2020_train/mask/7674.PNG
E:\MedicalData\TNSCUI2020\TNSCUI2020_train/image/7716.PNG,E:\MedicalData\TNSCUI2020\TNSCUI2020_train/mask/7716.PNG
E:\MedicalData\TNSCUI2020\TNSCUI2020_train/image/7724.PNG,E:\MedicalData\TNSCUI2020\TNSCUI2020_train/mask/7724.PNG
E:\MedicalData\TNSCUI2020\TNSCUI2020_train/image/7737.PNG,E:\MedicalData\TNSCUI2020\TNSCUI2020_train/mask/7737.PNG
E:\MedicalData\TNSCUI2020\TNSCUI2020_train/image/7772.PNG,E:\MedicalData\TNSCUI2020\TNSCUI2020_train/mask/7772.PNG
E:\MedicalData\TNSCUI2020\TNSCUI2020_train/image/783.PNG,E:\MedicalData\TNSCUI2020\TNSCUI2020_train/mask/783.PNG
E:\MedicalData\TNSCUI2020\TNSCUI2020_train/image/7881.PNG,E:\MedicalData\TNSCUI2020\TNSCUI2020_train/mask/7881.PNG
E:\MedicalData\TNSCUI2020\TNSCUI2020_train/image/7899.PNG,E:\MedicalData\TNSCUI2020\TNSCUI2020_train/mask/7899.PNG
E:\MedicalData\TNSCUI2020\TNSCUI2020_train/image/7949.PNG,E:\MedicalData\TNSCUI2020\TNSCUI2020_train/mask/7949.PNG
E:\MedicalData\TNSCUI2020\TNSCUI2020_train/image/7953.PNG,E:\MedicalData\TNSCUI2020\TNSCUI2020_train/mask/7953.PNG
E:\MedicalData\TNSCUI2020\TNSCUI2020_train/image/7959.PNG,E:\MedicalData\TNSCUI2020\TNSCUI2020_train/mask/7959.PNG
E:\MedicalData\TNSCUI2020\TNSCUI2020_train/image/7968.PNG,E:\MedicalData\TNSCUI2020\TNSCUI2020_train/mask/7968.PNG
E:\MedicalData\TNSCUI2020\TNSCUI2020_train/image/7984.PNG,E:\MedicalData\TNSCUI2020\TNSCUI2020_train/mask/7984.PNG
E:\MedicalData\TNSCUI2020\TNSCUI2020_train/image/7992.PNG,E:\MedicalData\TNSCUI2020\TNSCUI2020_train/mask/7992.PNG
E:\MedicalData\TNSCUI2020\TNSCUI2020_train/image/7998.PNG,E:\MedicalData\TNSCUI2020\TNSCUI2020_train/mask/7998.PNG
E:\MedicalData\TNSCUI2020\TNSCUI2020_train/image/8016.PNG,E:\MedicalData\TNSCUI2020\TNSCUI2020_train/mask/8016.PNG
E:\MedicalData\TNSCUI2020\TNSCUI2020_train/image/8038.PNG,E:\MedicalData\TNSCUI2020\TNSCUI2020_train/mask/8038.PNG
E:\MedicalData\TNSCUI2020\TNSCUI2020_train/image/8056.PNG,E:\MedicalData\TNSCUI2020\TNSCUI2020_train/mask/8056.PNG
E:\MedicalData\TNSCUI2020\TNSCUI2020_train/image/8060.PNG,E:\MedicalData\TNSCUI2020\TNSCUI2020_train/mask/8060.PNG
E:\MedicalData\TNSCUI2020\TNSCUI2020_train/image/8069.PNG,E:\MedicalData\TNSCUI2020\TNSCUI2020_train/mask/8069.PNG
E:\MedicalData\TNSCUI2020\TNSCUI2020_train/image/8081.PNG,E:\MedicalData\TNSCUI2020\TNSCUI2020_train/mask/8081.PNG
E:\MedicalData\TNSCUI2020\TNSCUI2020_train/image/8084.PNG,E:\MedicalData\TNSCUI2020\TNSCUI2020_train/mask/8084.PNG
E:\MedicalData\TNSCUI2020\TNSCUI2020_train/image/8098.PNG,E:\MedicalData\TNSCUI2020\TNSCUI2020_train/mask/8098.PNG
E:\MedicalData\TNSCUI2020\TNSCUI2020_train/image/8106.PNG,E:\MedicalData\TNSCUI2020\TNSCUI2020_train/mask/8106.PNG
E:\MedicalData\TNSCUI2020\TNSCUI2020_train/image/8110.PNG,E:\MedicalData\TNSCUI2020\TNSCUI2020_train/mask/8110.PNG
E:\MedicalData\TNSCUI2020\TNSCUI2020_train/image/8146.PNG,E:\MedicalData\TNSCUI2020\TNSCUI2020_train/mask/8146.PNG
E:\MedicalData\TNSCUI2020\TNSCUI2020_train/image/8150.PNG,E:\MedicalData\TNSCUI2020\TNSCUI2020_train/mask/8150.PNG
E:\MedicalData\TNSCUI2020\TNSCUI2020_train/image/8158.PNG,E:\MedicalData\TNSCUI2020\TNSCUI2020_train/mask/8158.PNG
E:\MedicalData\TNSCUI2020\TNSCUI2020_train/image/8174.PNG,E:\MedicalData\TNSCUI2020\TNSCUI2020_train/mask/8174.PNG
E:\MedicalData\TNSCUI2020\TNSCUI2020_train/image/8186.PNG,E:\MedicalData\TNSCUI2020\TNSCUI2020_train/mask/8186.PNG
E:\MedicalData\TNSCUI2020\TNSCUI2020_train/image/82.PNG,E:\MedicalData\TNSCUI2020\TNSCUI2020_train/mask/82.PNG
E:\MedicalData\TNSCUI2020\TNSCUI2020_train/image/8207.PNG,E:\MedicalData\TNSCUI2020\TNSCUI2020_train/mask/8207.PNG
E:\MedicalData\TNSCUI2020\TNSCUI2020_train/image/821.PNG,E:\MedicalData\TNSCUI2020\TNSCUI2020_train/mask/821.PNG
E:\MedicalData\TNSCUI2020\TNSCUI2020_train/image/8211.PNG,E:\MedicalData\TNSCUI2020\TNSCUI2020_train/mask/8211.PNG
E:\MedicalData\TNSCUI2020\TNSCUI2020_train/image/8221.PNG,E:\MedicalData\TNSCUI2020\TNSCUI2020_train/mask/8221.PNG
E:\MedicalData\TNSCUI2020\TNSCUI2020_train/image/8264.PNG,E:\MedicalData\TNSCUI2020\TNSCUI2020_train/mask/8264.PNG
E:\MedicalData\TNSCUI2020\TNSCUI2020_train/image/8275.PNG,E:\MedicalData\TNSCUI2020\TNSCUI2020_train/mask/8275.PNG
E:\MedicalData\TNSCUI2020\TNSCUI2020_train/image/8280.PNG,E:\MedicalData\TNSCUI2020\TNSCUI2020_train/mask/8280.PNG
E:\MedicalData\TNSCUI2020\TNSCUI2020_train/image/8290.PNG,E:\MedicalData\TNSCUI2020\TNSCUI2020_train/mask/8290.PNG
E:\MedicalData\TNSCUI2020\TNSCUI2020_train/image/8303.PNG,E:\MedicalData\TNSCUI2020\TNSCUI2020_train/mask/8303.PNG
E:\MedicalData\TNSCUI2020\TNSCUI2020_train/image/8320.PNG,E:\MedicalData\TNSCUI2020\TNSCUI2020_train/mask/8320.PNG
E:\MedicalData\TNSCUI2020\TNSCUI2020_train/image/8323.PNG,E:\MedicalData\TNSCUI2020\TNSCUI2020_train/mask/8323.PNG
E:\MedicalData\TNSCUI2020\TNSCUI2020_train/image/8347.PNG,E:\MedicalData\TNSCUI2020\TNSCUI2020_train/mask/8347.PNG
E:\MedicalData\TNSCUI2020\TNSCUI2020_train/image/8351.PNG,E:\MedicalData\TNSCUI2020\TNSCUI2020_train/mask/8351.PNG
E:\MedicalData\TNSCUI2020\TNSCUI2020_train/image/8353.PNG,E:\MedicalData\TNSCUI2020\TNSCUI2020_train/mask/8353.PNG
E:\MedicalData\TNSCUI2020\TNSCUI2020_train/image/8361.PNG,E:\MedicalData\TNSCUI2020\TNSCUI2020_train/mask/8361.PNG
E:\MedicalData\TNSCUI2020\TNSCUI2020_train/image/8365.PNG,E:\MedicalData\TNSCUI2020\TNSCUI2020_train/mask/8365.PNG
E:\MedicalData\TNSCUI2020\TNSCUI2020_train/image/837.PNG,E:\MedicalData\TNSCUI2020\TNSCUI2020_train/mask/837.PNG
E:\MedicalData\TNSCUI2020\TNSCUI2020_train/image/8373.PNG,E:\MedicalData\TNSCUI2020\TNSCUI2020_train/mask/8373.PNG
E:\MedicalData\TNSCUI2020\TNSCUI2020_train/image/8442.PNG,E:\MedicalData\TNSCUI2020\TNSCUI2020_train/mask/8442.PNG
E:\MedicalData\TNSCUI2020\TNSCUI2020_train/image/8462.PNG,E:\MedicalData\TNSCUI2020\TNSCUI2020_train/mask/8462.PNG
E:\MedicalData\TNSCUI2020\TNSCUI2020_train/image/8466.PNG,E:\MedicalData\TNSCUI2020\TNSCUI2020_train/mask/8466.PNG
E:\MedicalData\TNSCUI2020\TNSCUI2020_train/image/8470.PNG,E:\MedicalData\TNSCUI2020\TNSCUI2020_train/mask/8470.PNG
E:\MedicalData\TNSCUI2020\TNSCUI2020_train/image/8482.PNG,E:\MedicalData\TNSCUI2020\TNSCUI2020_train/mask/8482.PNG
E:\MedicalData\TNSCUI2020\TNSCUI2020_train/image/8488.PNG,E:\MedicalData\TNSCUI2020\TNSCUI2020_train/mask/8488.PNG
E:\MedicalData\TNSCUI2020\TNSCUI2020_train/image/8520.PNG,E:\MedicalData\TNSCUI2020\TNSCUI2020_train/mask/8520.PNG
E:\MedicalData\TNSCUI2020\TNSCUI2020_train/image/8522.PNG,E:\MedicalData\TNSCUI2020\TNSCUI2020_train/mask/8522.PNG
E:\MedicalData\TNSCUI2020\TNSCUI2020_train/image/8534.PNG,E:\MedicalData\TNSCUI2020\TNSCUI2020_train/mask/8534.PNG
E:\MedicalData\TNSCUI2020\TNSCUI2020_train/image/8536.PNG,E:\MedicalData\TNSCUI2020\TNSCUI2020_train/mask/8536.PNG
E:\MedicalData\TNSCUI2020\TNSCUI2020_train/image/8550.PNG,E:\MedicalData\TNSCUI2020\TNSCUI2020_train/mask/8550.PNG
E:\MedicalData\TNSCUI2020\TNSCUI2020_train/image/8558.PNG,E:\MedicalData\TNSCUI2020\TNSCUI2020_train/mask/8558.PNG
E:\MedicalData\TNSCUI2020\TNSCUI2020_train/image/8570.PNG,E:\MedicalData\TNSCUI2020\TNSCUI2020_train/mask/8570.PNG
E:\MedicalData\TNSCUI2020\TNSCUI2020_train/image/8578.PNG,E:\MedicalData\TNSCUI2020\TNSCUI2020_train/mask/8578.PNG
E:\MedicalData\TNSCUI2020\TNSCUI2020_train/image/8582.PNG,E:\MedicalData\TNSCUI2020\TNSCUI2020_train/mask/8582.PNG
E:\MedicalData\TNSCUI2020\TNSCUI2020_train/image/8586.PNG,E:\MedicalData\TNSCUI2020\TNSCUI2020_train/mask/8586.PNG
E:\MedicalData\TNSCUI2020\TNSCUI2020_train/image/8588.PNG,E:\MedicalData\TNSCUI2020\TNSCUI2020_train/mask/8588.PNG
E:\MedicalData\TNSCUI2020\TNSCUI2020_train/image/8596.PNG,E:\MedicalData\TNSCUI2020\TNSCUI2020_train/mask/8596.PNG
E:\MedicalData\TNSCUI2020\TNSCUI2020_train/image/8641.PNG,E:\MedicalData\TNSCUI2020\TNSCUI2020_train/mask/8641.PNG
E:\MedicalData\TNSCUI2020\TNSCUI2020_train/image/8647.PNG,E:\MedicalData\TNSCUI2020\TNSCUI2020_train/mask/8647.PNG
E:\MedicalData\TNSCUI2020\TNSCUI2020_train/image/8659.PNG,E:\MedicalData\TNSCUI2020\TNSCUI2020_train/mask/8659.PNG
E:\MedicalData\TNSCUI2020\TNSCUI2020_train/image/8667.PNG,E:\MedicalData\TNSCUI2020\TNSCUI2020_train/mask/8667.PNG
E:\MedicalData\TNSCUI2020\TNSCUI2020_train/image/868.PNG,E:\MedicalData\TNSCUI2020\TNSCUI2020_train/mask/868.PNG
E:\MedicalData\TNSCUI2020\TNSCUI2020_train/image/8693.PNG,E:\MedicalData\TNSCUI2020\TNSCUI2020_train/mask/8693.PNG
E:\MedicalData\TNSCUI2020\TNSCUI2020_train/image/8701.PNG,E:\MedicalData\TNSCUI2020\TNSCUI2020_train/mask/8701.PNG
E:\MedicalData\TNSCUI2020\TNSCUI2020_train/image/8705.PNG,E:\MedicalData\TNSCUI2020\TNSCUI2020_train/mask/8705.PNG
E:\MedicalData\TNSCUI2020\TNSCUI2020_train/image/8713.PNG,E:\MedicalData\TNSCUI2020\TNSCUI2020_train/mask/8713.PNG
E:\MedicalData\TNSCUI2020\TNSCUI2020_train/image/8727.PNG,E:\MedicalData\TNSCUI2020\TNSCUI2020_train/mask/8727.PNG
E:\MedicalData\TNSCUI2020\TNSCUI2020_train/image/8741.PNG,E:\MedicalData\TNSCUI2020\TNSCUI2020_train/mask/8741.PNG
E:\MedicalData\TNSCUI2020\TNSCUI2020_train/image/8747.PNG,E:\MedicalData\TNSCUI2020\TNSCUI2020_train/mask/8747.PNG
E:\MedicalData\TNSCUI2020\TNSCUI2020_train/image/8749.PNG,E:\MedicalData\TNSCUI2020\TNSCUI2020_train/mask/8749.PNG
E:\MedicalData\TNSCUI2020\TNSCUI2020_train/image/8753.PNG,E:\MedicalData\TNSCUI2020\TNSCUI2020_train/mask/8753.PNG
E:\MedicalData\TNSCUI2020\TNSCUI2020_train/image/8755.PNG,E:\MedicalData\TNSCUI2020\TNSCUI2020_train/mask/8755.PNG
E:\MedicalData\TNSCUI2020\TNSCUI2020_train/image/8757.PNG,E:\MedicalData\TNSCUI2020\TNSCUI2020_train/mask/8757.PNG
E:\MedicalData\TNSCUI2020\TNSCUI2020_train/image/8767.PNG,E:\MedicalData\TNSCUI2020\TNSCUI2020_train/mask/8767.PNG
E:\MedicalData\TNSCUI2020\TNSCUI2020_train/image/8773.PNG,E:\MedicalData\TNSCUI2020\TNSCUI2020_train/mask/8773.PNG
E:\MedicalData\TNSCUI2020\TNSCUI2020_train/image/8785.PNG,E:\MedicalData\TNSCUI2020\TNSCUI2020_train/mask/8785.PNG
E:\MedicalData\TNSCUI2020\TNSCUI2020_train/image/8801.PNG,E:\MedicalData\TNSCUI2020\TNSCUI2020_train/mask/8801.PNG
E:\MedicalData\TNSCUI2020\TNSCUI2020_train/image/8815.PNG,E:\MedicalData\TNSCUI2020\TNSCUI2020_train/mask/8815.PNG
E:\MedicalData\TNSCUI2020\TNSCUI2020_train/image/8817.PNG,E:\MedicalData\TNSCUI2020\TNSCUI2020_train/mask/8817.PNG
E:\MedicalData\TNSCUI2020\TNSCUI2020_train/image/8831.PNG,E:\MedicalData\TNSCUI2020\TNSCUI2020_train/mask/8831.PNG
E:\MedicalData\TNSCUI2020\TNSCUI2020_train/image/8833.PNG,E:\MedicalData\TNSCUI2020\TNSCUI2020_train/mask/8833.PNG
E:\MedicalData\TNSCUI2020\TNSCUI2020_train/image/8852.PNG,E:\MedicalData\TNSCUI2020\TNSCUI2020_train/mask/8852.PNG
E:\MedicalData\TNSCUI2020\TNSCUI2020_train/image/8856.PNG,E:\MedicalData\TNSCUI2020\TNSCUI2020_train/mask/8856.PNG
E:\MedicalData\TNSCUI2020\TNSCUI2020_train/image/886.PNG,E:\MedicalData\TNSCUI2020\TNSCUI2020_train/mask/886.PNG
E:\MedicalData\TNSCUI2020\TNSCUI2020_train/image/8888.PNG,E:\MedicalData\TNSCUI2020\TNSCUI2020_train/mask/8888.PNG
E:\MedicalData\TNSCUI2020\TNSCUI2020_train/image/8899.PNG,E:\MedicalData\TNSCUI2020\TNSCUI2020_train/mask/8899.PNG
E:\MedicalData\TNSCUI2020\TNSCUI2020_train/image/8909.PNG,E:\MedicalData\TNSCUI2020\TNSCUI2020_train/mask/8909.PNG
E:\MedicalData\TNSCUI2020\TNSCUI2020_train/image/8913.PNG,E:\MedicalData\TNSCUI2020\TNSCUI2020_train/mask/8913.PNG
E:\MedicalData\TNSCUI2020\TNSCUI2020_train/image/8930.PNG,E:\MedicalData\TNSCUI2020\TNSCUI2020_train/mask/8930.PNG
E:\MedicalData\TNSCUI2020\TNSCUI2020_train/image/8949.PNG,E:\MedicalData\TNSCUI2020\TNSCUI2020_train/mask/8949.PNG
E:\MedicalData\TNSCUI2020\TNSCUI2020_train/image/8961.PNG,E:\MedicalData\TNSCUI2020\TNSCUI2020_train/mask/8961.PNG
E:\MedicalData\TNSCUI2020\TNSCUI2020_train/image/8973.PNG,E:\MedicalData\TNSCUI2020\TNSCUI2020_train/mask/8973.PNG
E:\MedicalData\TNSCUI2020\TNSCUI2020_train/image/8975.PNG,E:\MedicalData\TNSCUI2020\TNSCUI2020_train/mask/8975.PNG
E:\MedicalData\TNSCUI2020\TNSCUI2020_train/image/8979.PNG,E:\MedicalData\TNSCUI2020\TNSCUI2020_train/mask/8979.PNG
E:\MedicalData\TNSCUI2020\TNSCUI2020_train/image/8985.PNG,E:\MedicalData\TNSCUI2020\TNSCUI2020_train/mask/8985.PNG
E:\MedicalData\TNSCUI2020\TNSCUI2020_train/image/8987.PNG,E:\MedicalData\TNSCUI2020\TNSCUI2020_train/mask/8987.PNG
E:\MedicalData\TNSCUI2020\TNSCUI2020_train/image/8989.PNG,E:\MedicalData\TNSCUI2020\TNSCUI2020_train/mask/8989.PNG
E:\MedicalData\TNSCUI2020\TNSCUI2020_train/image/90.PNG,E:\MedicalData\TNSCUI2020\TNSCUI2020_train/mask/90.PNG
E:\MedicalData\TNSCUI2020\TNSCUI2020_train/image/9004.PNG,E:\MedicalData\TNSCUI2020\TNSCUI2020_train/mask/9004.PNG
E:\MedicalData\TNSCUI2020\TNSCUI2020_train/image/9013.PNG,E:\MedicalData\TNSCUI2020\TNSCUI2020_train/mask/9013.PNG
E:\MedicalData\TNSCUI2020\TNSCUI2020_train/image/9015.PNG,E:\MedicalData\TNSCUI2020\TNSCUI2020_train/mask/9015.PNG
E:\MedicalData\TNSCUI2020\TNSCUI2020_train/image/9023.PNG,E:\MedicalData\TNSCUI2020\TNSCUI2020_train/mask/9023.PNG
E:\MedicalData\TNSCUI2020\TNSCUI2020_train/image/9085.PNG,E:\MedicalData\TNSCUI2020\TNSCUI2020_train/mask/9085.PNG
E:\MedicalData\TNSCUI2020\TNSCUI2020_train/image/9092.PNG,E:\MedicalData\TNSCUI2020\TNSCUI2020_train/mask/9092.PNG
E:\MedicalData\TNSCUI2020\TNSCUI2020_train/image/9100.PNG,E:\MedicalData\TNSCUI2020\TNSCUI2020_train/mask/9100.PNG
E:\MedicalData\TNSCUI2020\TNSCUI2020_train/image/9130.PNG,E:\MedicalData\TNSCUI2020\TNSCUI2020_train/mask/9130.PNG
E:\MedicalData\TNSCUI2020\TNSCUI2020_train/image/9136.PNG,E:\MedicalData\TNSCUI2020\TNSCUI2020_train/mask/9136.PNG
E:\MedicalData\TNSCUI2020\TNSCUI2020_train/image/9152.PNG,E:\MedicalData\TNSCUI2020\TNSCUI2020_train/mask/9152.PNG
E:\MedicalData\TNSCUI2020\TNSCUI2020_train/image/9162.PNG,E:\MedicalData\TNSCUI2020\TNSCUI2020_train/mask/9162.PNG
E:\MedicalData\TNSCUI2020\TNSCUI2020_train/image/9170.PNG,E:\MedicalData\TNSCUI2020\TNSCUI2020_train/mask/9170.PNG
E:\MedicalData\TNSCUI2020\TNSCUI2020_train/image/9188.PNG,E:\MedicalData\TNSCUI2020\TNSCUI2020_train/mask/9188.PNG
E:\MedicalData\TNSCUI2020\TNSCUI2020_train/image/9198.PNG,E:\MedicalData\TNSCUI2020\TNSCUI2020_train/mask/9198.PNG
E:\MedicalData\TNSCUI2020\TNSCUI2020_train/image/9212.PNG,E:\MedicalData\TNSCUI2020\TNSCUI2020_train/mask/9212.PNG
E:\MedicalData\TNSCUI2020\TNSCUI2020_train/image/9216.PNG,E:\MedicalData\TNSCUI2020\TNSCUI2020_train/mask/9216.PNG
E:\MedicalData\TNSCUI2020\TNSCUI2020_train/image/9222.PNG,E:\MedicalData\TNSCUI2020\TNSCUI2020_train/mask/9222.PNG
E:\MedicalData\TNSCUI2020\TNSCUI2020_train/image/9224.PNG,E:\MedicalData\TNSCUI2020\TNSCUI2020_train/mask/9224.PNG
E:\MedicalData\TNSCUI2020\TNSCUI2020_train/image/9234.PNG,E:\MedicalData\TNSCUI2020\TNSCUI2020_train/mask/9234.PNG
E:\MedicalData\TNSCUI2020\TNSCUI2020_train/image/9252.PNG,E:\MedicalData\TNSCUI2020\TNSCUI2020_train/mask/9252.PNG
E:\MedicalData\TNSCUI2020\TNSCUI2020_train/image/9254.PNG,E:\MedicalData\TNSCUI2020\TNSCUI2020_train/mask/9254.PNG
E:\MedicalData\TNSCUI2020\TNSCUI2020_train/image/9258.PNG,E:\MedicalData\TNSCUI2020\TNSCUI2020_train/mask/9258.PNG
E:\MedicalData\TNSCUI2020\TNSCUI2020_train/image/9288.PNG,E:\MedicalData\TNSCUI2020\TNSCUI2020_train/mask/9288.PNG
E:\MedicalData\TNSCUI2020\TNSCUI2020_train/image/93.PNG,E:\MedicalData\TNSCUI2020\TNSCUI2020_train/mask/93.PNG
E:\MedicalData\TNSCUI2020\TNSCUI2020_train/image/9300.PNG,E:\MedicalData\TNSCUI2020\TNSCUI2020_train/mask/9300.PNG
E:\MedicalData\TNSCUI2020\TNSCUI2020_train/image/932.PNG,E:\MedicalData\TNSCUI2020\TNSCUI2020_train/mask/932.PNG
E:\MedicalData\TNSCUI2020\TNSCUI2020_train/image/9326.PNG,E:\MedicalData\TNSCUI2020\TNSCUI2020_train/mask/9326.PNG
E:\MedicalData\TNSCUI2020\TNSCUI2020_train/image/9332.PNG,E:\MedicalData\TNSCUI2020\TNSCUI2020_train/mask/9332.PNG
E:\MedicalData\TNSCUI2020\TNSCUI2020_train/image/934.PNG,E:\MedicalData\TNSCUI2020\TNSCUI2020_train/mask/934.PNG
E:\MedicalData\TNSCUI2020\TNSCUI2020_train/image/9356.PNG,E:\MedicalData\TNSCUI2020\TNSCUI2020_train/mask/9356.PNG
E:\MedicalData\TNSCUI2020\TNSCUI2020_train/image/9370.PNG,E:\MedicalData\TNSCUI2020\TNSCUI2020_train/mask/9370.PNG
E:\MedicalData\TNSCUI2020\TNSCUI2020_train/image/938.PNG,E:\MedicalData\TNSCUI2020\TNSCUI2020_train/mask/938.PNG
E:\MedicalData\TNSCUI2020\TNSCUI2020_train/image/9404.PNG,E:\MedicalData\TNSCUI2020\TNSCUI2020_train/mask/9404.PNG
E:\MedicalData\TNSCUI2020\TNSCUI2020_train/image/9406.PNG,E:\MedicalData\TNSCUI2020\TNSCUI2020_train/mask/9406.PNG
E:\MedicalData\TNSCUI2020\TNSCUI2020_train/image/9432.PNG,E:\MedicalData\TNSCUI2020\TNSCUI2020_train/mask/9432.PNG
E:\MedicalData\TNSCUI2020\TNSCUI2020_train/image/9444.PNG,E:\MedicalData\TNSCUI2020\TNSCUI2020_train/mask/9444.PNG
E:\MedicalData\TNSCUI2020\TNSCUI2020_train/image/9446.PNG,E:\MedicalData\TNSCUI2020\TNSCUI2020_train/mask/9446.PNG
E:\MedicalData\TNSCUI2020\TNSCUI2020_train/image/9454.PNG,E:\MedicalData\TNSCUI2020\TNSCUI2020_train/mask/9454.PNG
E:\MedicalData\TNSCUI2020\TNSCUI2020_train/image/9472.PNG,E:\MedicalData\TNSCUI2020\TNSCUI2020_train/mask/9472.PNG
E:\MedicalData\TNSCUI2020\TNSCUI2020_train/image/9474.PNG,E:\MedicalData\TNSCUI2020\TNSCUI2020_train/mask/9474.PNG
E:\MedicalData\TNSCUI2020\TNSCUI2020_train/image/948.PNG,E:\MedicalData\TNSCUI2020\TNSCUI2020_train/mask/948.PNG
E:\MedicalData\TNSCUI2020\TNSCUI2020_train/image/9508.PNG,E:\MedicalData\TNSCUI2020\TNSCUI2020_train/mask/9508.PNG
E:\MedicalData\TNSCUI2020\TNSCUI2020_train/image/9538.PNG,E:\MedicalData\TNSCUI2020\TNSCUI2020_train/mask/9538.PNG
E:\MedicalData\TNSCUI2020\TNSCUI2020_train/image/9544.PNG,E:\MedicalData\TNSCUI2020\TNSCUI2020_train/mask/9544.PNG
E:\MedicalData\TNSCUI2020\TNSCUI2020_train/image/9554.PNG,E:\MedicalData\TNSCUI2020\TNSCUI2020_train/mask/9554.PNG
E:\MedicalData\TNSCUI2020\TNSCUI2020_train/image/9574.PNG,E:\MedicalData\TNSCUI2020\TNSCUI2020_train/mask/9574.PNG
E:\MedicalData\TNSCUI2020\TNSCUI2020_train/image/9581.PNG,E:\MedicalData\TNSCUI2020\TNSCUI2020_train/mask/9581.PNG
E:\MedicalData\TNSCUI2020\TNSCUI2020_train/image/9605.PNG,E:\MedicalData\TNSCUI2020\TNSCUI2020_train/mask/9605.PNG
E:\MedicalData\TNSCUI2020\TNSCUI2020_train/image/9621.PNG,E:\MedicalData\TNSCUI2020\TNSCUI2020_train/mask/9621.PNG
E:\MedicalData\TNSCUI2020\TNSCUI2020_train/image/9635.PNG,E:\MedicalData\TNSCUI2020\TNSCUI2020_train/mask/9635.PNG
E:\MedicalData\TNSCUI2020\TNSCUI2020_train/image/9646.PNG,E:\MedicalData\TNSCUI2020\TNSCUI2020_train/mask/9646.PNG
E:\MedicalData\TNSCUI2020\TNSCUI2020_train/image/9662.PNG,E:\MedicalData\TNSCUI2020\TNSCUI2020_train/mask/9662.PNG
E:\MedicalData\TNSCUI2020\TNSCUI2020_train/image/9678.PNG,E:\MedicalData\TNSCUI2020\TNSCUI2020_train/mask/9678.PNG
E:\MedicalData\TNSCUI2020\TNSCUI2020_train/image/9688.PNG,E:\MedicalData\TNSCUI2020\TNSCUI2020_train/mask/9688.PNG
E:\MedicalData\TNSCUI2020\TNSCUI2020_train/image/9700.PNG,E:\MedicalData\TNSCUI2020\TNSCUI2020_train/mask/9700.PNG
E:\MedicalData\TNSCUI2020\TNSCUI2020_train/image/9708.PNG,E:\MedicalData\TNSCUI2020\TNSCUI2020_train/mask/9708.PNG
E:\MedicalData\TNSCUI2020\TNSCUI2020_train/image/9709.PNG,E:\MedicalData\TNSCUI2020\TNSCUI2020_train/mask/9709.PNG
E:\MedicalData\TNSCUI2020\TNSCUI2020_train/image/9731.PNG,E:\MedicalData\TNSCUI2020\TNSCUI2020_train/mask/9731.PNG
E:\MedicalData\TNSCUI2020\TNSCUI2020_train/image/9737.PNG,E:\MedicalData\TNSCUI2020\TNSCUI2020_train/mask/9737.PNG
E:\MedicalData\TNSCUI2020\TNSCUI2020_train/image/9739.PNG,E:\MedicalData\TNSCUI2020\TNSCUI2020_train/mask/9739.PNG
E:\MedicalData\TNSCUI2020\TNSCUI2020_train/image/974.PNG,E:\MedicalData\TNSCUI2020\TNSCUI2020_train/mask/974.PNG
E:\MedicalData\TNSCUI2020\TNSCUI2020_train/image/9757.PNG,E:\MedicalData\TNSCUI2020\TNSCUI2020_train/mask/9757.PNG
E:\MedicalData\TNSCUI2020\TNSCUI2020_train/image/986.PNG,E:\MedicalData\TNSCUI2020\TNSCUI2020_train/mask/986.PNG
